"","Aeschynomene baumii-type","Alangium chinense","Albizia-type","Alchornea","Alstonia-type boonei","Annona senegalensis-type","Anogeissus-type leiocarpus","Anopyxis klaineana","Anthocleista","Antidesma-type venosum","Aphania-type senegalensis","Apodytes dimidiata","Bersama abyssinica-type","Blighia sapida-type","Bridelia ferruginea-type","Brucea antidysenterica-type","Campylospermum","Carapa-type procera","Ceiba pentandra","Celtis","Clausena anisata","Combretum-type molle","Commiphora africana-type","Cordia platythyrsa-type","Cupressaceae undiff.","Cussonia arborea-type","Diospyros","Dodonaea viscosa-type","Dombeya-type","Dracaena","Ekebergia-type","Ericaceae undiff.","Erythrococca-type","Eucalyptus-type","Ficus","Flacourtia","Flueggea virosa-type","Ganophyllum-type giganteum","Garcinia livingstonei-type","Gnidia-type glauca","Harungana madagascariensis-type","Holoptelea grandis","Hylodendron gabunense","Hymenocardia","Hymenodictyon-type floribundum","Ilex mitis","Isoberlinia-type","Ixora-type brachypoda","Justicia-type odora","Lannea-type","Lophira","Macaranga-type","Maerua-type","Maesa lanceolata-type","Mallotus-type oppositifolius","Mansonia altissima-type","Margaritaria discoidea","Milicia-type excelsa","Morelia senegalensis","Myrianthus-type arboreus","Myrica","Myrsine africana","Myrtaceae undiff.","Nauclea-type latifolia","Nuxia-type congesta","Olea capensis-type","Ozoroa-type insignis","Pappea capensis","Parinari-type","Pausinystalia-type macroceras","Pavetta gardeniifolia-type","Plagiostyles-type africana","Podocarpus-type milanjianus","Polyscias fulva-type","Protea-type","Prunus africana-type","Pycnanthus angolensis-type","Rapanea melanophloeos-type","Rauvolfia","Santiria-type trimera","Schefflera","Shirakia-type elliptica","Sorindeia-type juglandifolia","Syzygium-type guineense","Syzygium-type staudtii","Tetrorchidium","Trema-type orientalis","Trilepisium-type madagascariensis","Triplochiton scleroxylon-type","Uapaca","Uapaca guineensis-type","Vangueria-type madagascariensis","Vepris-type","Xylia-type","Zanha golungensis-type","Zanthoxylum-type gilletii","Acacia ehrenbergiana-type","Acacia kamerunensis-type            ","Acridocarpus","Allophylus","Asparagus","Celastraceae undiff.","Celastraceae/Hippocrateaceae undiff.","Clematis-type","Combretaceae undiff.","Embelia-type","Entada-type","Grewia-type","Keetia-type gueinzii","Lantana-type viburnoides","Macrosphyra-type","Pavetta","Psydrax-type schimperiana","Rhamnaceae undiff.","Rubus pinnatus-type","Sapotaceae undiff.","Schefflera-1","Zanthoxylum-type","Tapinanthus-type","Elaeis guineensis","Phoenix reclinata-type","Flabellaria-type paniculata","Sericostachys-type scandens","Uncaria-type africana","Abutilon","Acalypha","Acanthaceae undiff.","Acanthus-type","Anthospermum asperuloides-type","Apiaceae undiff.","Apocynaceae undiff.","Artemisia","Asteraceae undiff.","Brassicaceae undiff.","Cassia-type","Chenopodiaceae undiff.","Cichorieae undiff.","Combretaceae/Melastomataceae undiff.","Croton-type","Dyschoriste-type","Erythrina","Euphorbiaceae undiff.","Euphorbia-type","Fabaceae undiff.","Gentianaceae undiff.","Hypericum","Isoglossa","Lamiaceae undiff.","Lythraceae undiff.","Melastomataceae undiff.","Mimulopsis-type","Monocotyledoneae undiff.","Moraceae undiff.","Phyllanthus-type","Rubiaceae undiff.","Rumex","Senecio-type","Sida","Solanaceae undiff.","Steganotaenia-type araliacea","Tiliaceae undiff.","Undetermined","Urticaceae undiff.","Vernonieae undiff.","Achyranthes-type aspera","Aerva-type lanata","Alchemilla","Anagallis","Asystasia gangetica-type","Basilicum-type polystachyon","Brachystephanus","Campanula-type","Carduus-type","Celosia-type trigyna","Cerastium-type","Commelina-type benghalensis","Commelina-type forskalaei","Crassocephalum-type montuosum","Cyathula-type","Dipsaceae undiff.","Galium-type","Guizotia-type","Heterotis-type canescens","Hygrophila","Hypoestes-type aristata","Impatiens","Justicia anselliana-type","Justicia striata-type","Justicia-type flava","Kalanchoe","Kniphofia-type reflexa","Laportea-type aestuans","Lepidagathis","Lobelia","Lysimachia","Micrococca-type mercurialis","Plantago lanceolata-type","Poaceae undiff.","Primulaceae undiff.","Ranunculus-type","Sebaea brachyphylla-type","Silene-type","Spermacoce-type","Stipularia-type africana","Swertia-type abyssinica","Trifolium-type","Sinarundinaria alpina","Begonia","Cissus quadrangularis-type","Cucurbitaceae undiff.","Cyphostemma-type cyphopetalum","Stephania-type abyssinica","Vigna-type","Ascolepis","Crinum natans-type","Cyperaceae undiff.","Drosera","Eriocaulaceae undiff.","Hydrocotyle","Laurembergia tetrandra","Limnophyton-type obtusifolium","Nymphaea lotus-type","Onagraceae undiff.","Polygonum senegalense-type","Potamogeton thunbergii-type","Typha","Xyris","Cyathea camerouniana-type","Cyathea manniana-type","Lycopodiaceae undiff.","Monoletes undiff.","Monoletes undiff.-1","Osmunda regalis","Pteridium-type aquilinum","Pteris-type dentata","Pteris-type pteridioides","Triletes undiff."
"1",0,0,1,2,0,0,0,0,1,0,0,0,1,1,14,0,1,0,0,1,0,6,0,0,1,0,2,0,0,0,0,0,0,1,0,0,2,0,0,4,2,0,0,7,2,7,0,0,0,0,5,3,0,3,0,0,0,0,0,4,0,0,0,0,8,0,0,0,0,0,0,0,1,2,1,2,0,0,0,0,0,0,0,0,0,0,2,0,0,0,1,0,0,0,0,0,0,0,0,0,0,0,0,3,2,0,0,0,0,0,0,0,0,3,0,0,3,0,0,7,0,0,0,0,0,1,0,0,0,0,0,0,29,0,0,1,0,0,0,0,0,0,0,3,0,1,0,10,0,0,0,0,0,0,3,0,0,0,0,0,0,2,2,2,1,0,0,0,0,2,0,0,0,0,0,2,0,0,2,0,0,0,3,2,0,0,8,0,0,0,2,0,0,0,0,0,1,161,0,0,0,0,0,0,0,0,0,0,0,3,0,0,0,4,0,285,0,0,0,0,0,0,0,0,0,0,0,0,7,1,113,26,1,80,0,4,0
"2",0,0,0,4,0,0,0,0,0,3,0,0,0,0,9,0,0,0,0,0,0,7,0,0,1,0,1,0,0,1,0,0,0,0,1,0,0,0,0,3,0,0,0,2,0,1,0,1,0,0,5,0,0,0,0,0,0,0,0,5,0,0,0,0,1,3,0,0,0,0,0,0,4,1,0,1,0,0,0,0,0,0,0,0,1,0,1,0,0,0,0,2,0,0,0,0,0,0,0,0,0,0,0,2,0,0,0,0,0,0,0,0,1,0,3,0,9,0,0,2,0,0,0,0,0,0,0,0,0,0,0,0,21,0,0,0,0,0,0,0,0,0,0,0,0,0,0,0,0,0,0,0,0,0,0,0,0,0,0,0,0,1,0,2,0,0,0,0,0,1,0,0,0,0,0,0,5,0,0,0,0,0,0,0,0,0,0,0,0,0,22,0,0,0,0,0,3,119,0,0,0,0,0,0,0,0,0,0,0,1,1,0,0,1,0,243,0,3,0,1,0,0,0,0,2,0,3,0,14,2,69,28,0,30,1,4,0
"3",0,0,0,4,0,0,0,0,0,1,0,0,0,0,14,0,0,0,0,1,0,4,0,0,2,0,0,0,0,0,0,0,0,1,3,0,0,0,0,3,0,2,0,1,4,5,0,5,0,0,1,0,0,0,0,0,0,0,1,1,0,0,1,3,2,0,0,0,0,0,1,0,0,0,1,6,0,0,0,0,0,0,0,3,0,1,2,0,0,0,1,0,0,0,1,0,0,0,0,0,2,0,0,0,1,0,1,0,0,0,0,0,0,3,3,0,4,0,0,4,0,0,0,0,0,0,0,0,0,0,0,0,6,0,0,2,0,0,0,0,0,0,0,0,0,0,0,0,0,0,0,0,1,3,0,0,1,0,0,0,0,2,0,1,2,0,0,0,0,4,0,0,0,0,0,0,2,0,4,0,0,0,0,0,1,0,0,0,0,0,7,0,0,0,0,0,2,169,0,0,0,0,1,0,0,0,0,0,0,3,0,0,0,1,0,305,0,0,0,0,0,2,1,0,1,4,1,0,10,0,105,14,0,20,0,8,0
"4",0,0,0,6,0,0,0,0,0,0,0,0,0,0,2,0,0,0,0,2,2,0,0,0,0,0,2,0,0,0,0,1,0,0,0,0,0,0,0,2,0,0,0,9,0,1,0,0,0,0,0,1,0,0,0,0,0,0,0,0,0,0,0,0,3,2,0,0,0,0,0,0,2,0,0,0,0,0,0,0,1,0,0,2,0,0,0,0,0,0,0,0,0,0,0,0,0,0,0,1,0,0,0,1,0,0,0,0,0,0,0,0,0,0,2,0,4,0,0,0,0,0,0,0,0,1,0,0,0,0,0,0,6,0,0,0,0,0,0,0,0,0,0,0,0,0,0,1,0,0,0,0,2,0,0,0,0,0,0,0,0,1,2,1,0,0,0,0,0,0,0,0,0,0,0,0,0,0,0,0,0,0,0,0,0,0,4,2,0,0,5,0,0,0,0,0,1,142,0,0,0,0,0,0,0,0,0,0,0,0,0,0,0,0,0,542,0,2,0,0,0,1,0,0,0,1,0,0,2,0,159,10,0,3,0,0,0
"5",0,0,0,3,0,0,0,1,0,0,0,1,0,1,0,0,0,0,0,2,0,0,0,0,0,0,0,0,0,0,0,0,0,0,0,0,0,0,0,0,0,0,0,2,0,1,0,0,0,0,1,1,0,0,0,0,0,0,0,0,0,0,0,0,1,0,0,0,0,0,0,0,1,0,0,0,0,0,0,0,0,0,0,0,0,0,0,0,0,0,1,0,0,0,0,0,0,0,0,0,0,0,0,0,0,0,0,0,0,0,0,0,0,0,0,0,0,0,0,3,0,0,0,0,0,4,0,0,0,0,0,0,4,0,1,0,0,0,0,0,0,0,0,1,0,0,0,2,0,0,0,0,0,0,0,0,0,0,0,0,0,0,0,0,0,0,0,0,0,0,0,0,0,0,0,0,0,0,0,0,0,0,1,0,0,0,3,0,0,0,2,0,0,0,0,0,1,151,0,0,0,0,0,0,0,0,0,0,0,0,0,0,0,0,0,535,0,2,0,0,0,1,0,0,0,0,0,0,0,0,252,5,2,8,0,0,0
"6",0,0,1,6,1,0,0,0,0,2,0,0,0,0,0,0,0,0,0,0,0,0,0,0,1,0,0,0,0,0,0,0,0,0,1,0,0,0,0,0,0,0,0,1,0,1,0,0,0,0,0,0,0,0,0,0,0,0,0,3,0,0,0,0,1,0,0,0,0,0,0,0,0,0,0,0,0,0,0,0,0,0,0,0,0,0,1,0,0,0,0,0,0,0,0,0,0,0,0,0,0,0,0,0,3,0,0,0,0,0,0,0,0,0,0,0,2,0,0,3,0,0,0,0,0,3,0,0,0,1,0,0,7,0,0,0,0,0,0,0,0,0,0,0,0,0,1,2,0,0,0,0,0,0,0,0,0,0,0,0,0,0,0,1,0,0,0,0,0,0,0,0,0,0,0,0,0,0,0,0,0,0,0,0,0,0,7,1,0,0,7,0,0,0,0,0,0,79,0,0,0,0,0,0,0,0,0,0,0,0,0,0,0,0,0,645,0,0,1,0,1,3,0,0,0,1,1,0,2,0,325,11,3,3,0,2,0
"7",0,0,0,2,0,0,0,0,0,0,0,1,0,0,0,0,0,0,0,1,0,0,0,0,0,0,0,0,0,1,0,0,0,0,1,0,1,0,0,0,0,0,0,4,0,1,0,0,7,1,0,2,0,0,0,0,0,0,0,0,0,0,0,0,0,1,0,0,0,0,0,0,2,0,0,0,0,0,0,0,0,0,0,0,0,3,0,1,0,0,0,0,0,0,0,0,0,0,0,0,0,0,0,0,0,0,0,0,0,0,0,0,0,0,1,0,0,0,0,0,0,0,0,0,0,1,0,0,0,1,0,0,15,0,0,0,0,0,0,0,0,0,0,0,0,0,0,0,0,0,0,0,0,0,0,0,0,0,0,0,0,0,0,0,0,0,0,0,0,0,0,0,0,0,0,0,0,0,0,0,0,0,0,0,0,0,0,2,0,0,15,0,0,0,0,0,0,124,0,0,0,0,0,0,0,1,0,0,0,0,0,0,0,1,0,728,0,0,0,0,0,0,0,1,1,0,0,0,1,0,696,11,8,7,0,1,0
"8",0,0,0,4,0,0,0,0,1,0,0,0,0,0,0,0,0,0,0,0,0,3,0,0,0,0,0,0,0,0,0,0,0,0,0,0,0,0,0,0,0,0,0,3,0,0,0,0,0,0,0,4,0,0,0,0,0,0,0,0,0,0,0,0,2,0,0,0,0,0,0,0,0,0,1,0,0,0,0,0,0,0,0,0,2,1,1,0,0,0,0,0,0,0,0,0,0,0,0,0,0,0,0,1,0,0,0,0,0,0,0,0,0,0,2,0,1,0,0,0,0,0,0,0,0,1,2,0,0,0,0,0,6,0,0,0,0,0,0,0,0,0,0,1,0,0,0,0,0,0,0,0,1,0,1,1,0,0,1,0,0,0,2,0,0,0,0,0,0,0,0,0,0,0,0,0,0,0,0,0,0,0,0,0,1,0,10,2,0,0,5,0,0,0,0,0,0,107,0,0,0,0,0,0,0,0,0,0,0,0,0,0,0,1,0,686,0,0,0,0,0,0,0,0,0,2,0,0,1,0,701,7,11,6,0,0,0
"9",0,0,1,0,0,0,0,0,0,0,0,0,0,0,0,0,0,0,0,0,0,0,0,0,0,1,0,0,0,0,0,0,0,0,1,0,0,0,0,0,0,0,0,2,0,0,0,0,0,0,0,2,0,0,0,0,0,0,0,0,0,0,0,0,0,1,0,0,0,0,0,0,1,0,0,0,0,0,0,0,0,0,0,3,0,0,0,0,0,0,1,0,0,0,0,0,0,0,0,0,0,0,0,0,0,0,0,0,0,0,0,0,0,0,1,0,1,0,0,0,0,0,0,0,0,3,0,0,0,1,0,0,7,0,0,0,0,0,0,0,0,0,0,0,0,0,0,1,0,0,0,1,0,0,0,0,0,0,0,0,0,0,0,0,0,0,0,0,0,0,0,0,0,0,0,0,0,0,0,0,0,1,0,0,0,0,1,0,0,0,8,0,0,0,0,0,0,62,0,0,0,0,0,0,0,0,0,0,0,0,0,0,0,1,0,624,0,2,0,0,0,0,0,0,0,0,0,0,0,2,333,19,6,4,0,0,0
"10",0,0,0,0,0,0,0,0,0,3,0,0,0,0,1,0,0,0,0,0,0,0,0,0,0,0,0,0,0,0,0,1,0,0,0,0,0,0,0,0,0,0,0,0,1,0,0,0,0,0,0,0,0,0,0,0,0,0,0,0,0,0,0,0,1,1,0,0,0,0,1,0,2,0,0,0,1,0,0,0,0,0,0,1,0,1,0,0,0,0,1,0,0,0,0,0,0,0,0,0,0,0,0,0,1,0,0,0,0,0,0,0,1,0,0,0,2,0,0,0,0,0,0,0,0,0,0,0,0,0,0,0,11,0,0,0,0,0,0,0,0,0,0,0,0,0,0,0,0,0,0,0,0,0,0,0,0,0,0,0,0,0,0,1,0,0,0,0,0,0,0,0,0,1,0,1,0,0,0,0,0,0,0,0,0,0,5,1,0,0,8,0,0,0,0,0,0,92,0,0,0,0,0,0,0,0,0,0,0,0,0,1,0,0,0,587,0,0,0,1,0,3,0,0,0,0,0,0,0,0,326,5,0,6,0,0,0
"11",0,0,1,6,0,1,0,1,0,2,0,0,0,1,0,0,0,0,0,0,0,0,0,0,0,0,0,0,0,0,0,2,0,0,0,1,1,0,0,0,0,0,0,1,1,0,0,1,0,0,0,3,0,0,0,0,0,0,0,0,0,0,0,0,0,1,0,0,0,0,0,0,2,0,1,3,0,1,0,0,0,0,0,2,0,0,0,0,0,0,1,0,0,0,0,0,0,0,0,0,0,0,0,1,2,0,0,0,0,0,0,0,0,1,0,0,6,0,0,0,0,0,0,1,0,0,0,0,0,0,0,0,2,0,0,0,1,0,0,0,0,0,0,0,0,0,0,2,0,0,0,1,0,0,0,0,0,0,0,0,0,1,0,0,0,0,0,0,0,0,0,0,0,0,0,0,0,0,1,0,0,0,0,0,0,0,18,0,0,0,11,0,0,0,0,0,0,72,0,0,0,0,0,0,0,0,0,0,0,0,0,0,1,0,0,510,0,0,0,0,0,2,0,0,0,1,0,0,0,0,429,12,1,5,0,2,0
"12",0,0,0,0,0,0,1,0,1,0,0,0,0,0,1,0,0,0,0,0,0,0,0,0,0,0,0,0,0,0,1,3,0,0,0,2,0,0,0,0,0,0,0,4,0,2,0,0,0,0,0,0,0,2,0,0,1,0,0,2,0,0,0,0,1,1,0,0,0,0,0,0,0,0,0,2,0,0,0,0,1,1,0,1,0,3,0,0,0,0,1,0,0,0,0,0,0,0,0,0,0,0,0,0,0,0,0,0,0,0,0,0,0,0,1,0,7,0,0,0,0,0,2,0,0,0,0,0,0,2,0,0,11,0,0,0,1,0,0,0,0,0,0,0,0,3,0,2,0,0,0,2,0,0,1,0,0,0,0,0,0,3,1,0,0,0,3,0,0,0,0,0,0,0,0,0,0,0,0,0,0,0,0,0,2,0,0,0,0,0,15,0,0,0,0,0,0,98,0,0,0,0,0,0,0,0,0,0,0,0,0,0,0,2,0,201,0,0,0,0,0,1,0,1,0,0,0,0,0,1,687,9,5,16,0,1,0
"13",0,0,0,6,0,0,0,2,0,0,0,0,0,1,1,0,0,1,0,0,0,3,0,0,0,2,0,0,0,0,0,0,1,0,0,0,6,0,0,0,0,0,0,2,0,0,1,0,0,0,3,0,0,2,0,0,0,0,0,0,0,0,0,0,6,2,0,0,0,0,0,0,3,2,1,2,0,2,0,0,0,0,0,8,0,0,1,0,0,0,0,0,0,0,0,0,0,0,0,0,0,0,0,0,6,0,0,0,0,0,0,0,0,0,0,0,67,1,0,0,0,0,0,0,0,1,0,0,0,0,0,0,10,0,0,0,0,0,0,0,0,0,0,0,0,7,2,3,0,3,1,0,4,0,0,1,0,0,0,0,0,1,0,0,0,0,0,0,0,2,0,0,0,0,0,0,0,0,0,0,0,1,4,0,0,2,7,1,0,0,33,0,0,0,0,0,0,129,0,0,0,0,0,0,0,0,0,0,0,0,0,0,0,0,0,246,0,0,2,0,0,1,0,1,1,0,0,0,4,0,559,33,9,16,0,3,0
"14",0,0,0,3,0,0,0,0,0,0,1,0,0,1,0,0,0,0,0,1,0,0,0,0,0,0,0,0,0,0,0,1,0,0,0,1,2,0,0,1,0,0,0,1,0,1,0,2,0,0,5,2,0,3,0,0,1,0,0,0,0,1,0,0,3,18,0,2,0,0,0,0,20,1,0,4,0,0,0,0,6,0,0,4,0,2,0,0,0,1,1,1,0,0,0,0,0,0,0,0,0,0,0,1,1,0,0,0,0,0,0,0,0,0,2,0,109,0,0,0,0,0,0,0,0,0,0,0,0,0,0,0,3,1,0,0,0,0,0,0,0,0,0,0,0,7,1,2,0,0,0,0,0,0,0,0,1,0,0,0,0,0,0,0,0,0,0,0,0,1,0,0,1,0,0,1,0,0,0,0,0,1,5,0,0,2,0,0,0,0,14,0,0,0,0,0,0,147,0,1,0,0,0,0,0,1,0,0,0,0,0,0,0,1,0,160,0,0,1,2,0,0,0,3,1,0,0,0,1,0,762,31,20,15,0,2,0
"15",0,0,0,12,0,0,0,1,0,1,0,0,0,0,0,0,0,0,0,1,0,0,0,0,0,0,0,0,0,0,1,2,0,0,0,0,0,0,0,1,0,0,0,2,0,0,0,0,0,0,5,2,0,2,0,0,1,0,0,0,0,0,0,0,1,15,0,2,0,0,0,0,36,2,0,1,0,2,0,0,0,0,0,2,0,2,1,0,0,0,0,0,0,0,0,0,0,0,0,0,0,0,0,0,0,1,0,0,0,0,0,0,0,0,0,0,47,0,0,0,0,0,0,0,0,0,0,0,0,0,0,0,4,0,0,0,0,0,0,0,0,0,0,0,0,8,1,0,0,0,0,0,0,0,0,0,0,0,0,0,0,1,0,0,0,0,0,0,0,0,0,0,0,0,0,0,0,0,0,0,0,0,2,0,0,0,0,1,0,1,10,0,0,0,0,0,0,53,0,0,0,0,0,0,0,0,0,0,0,0,0,0,0,0,0,75,0,1,0,0,0,1,0,1,0,1,0,0,0,0,759,37,3,2,0,1,0
"16",0,0,0,33,0,0,0,0,1,0,0,0,0,0,2,0,0,0,0,1,0,0,0,0,0,0,0,0,0,0,1,1,0,0,0,0,0,0,0,0,0,0,0,0,0,5,0,0,0,0,2,4,0,0,1,0,1,0,0,0,0,0,0,0,4,37,0,0,0,0,0,0,92,0,0,0,1,0,0,0,0,0,0,9,0,0,0,0,0,0,0,0,0,0,0,0,0,0,0,0,0,0,0,2,0,0,0,0,0,0,0,0,1,0,0,0,49,0,0,0,0,0,0,0,0,0,0,0,0,0,0,0,3,0,0,0,1,4,0,0,0,0,1,0,0,7,8,0,0,0,0,0,0,0,0,0,0,0,1,0,0,0,0,0,0,0,0,0,0,2,0,0,0,0,0,0,0,0,1,0,0,0,0,0,0,4,0,13,0,0,12,0,0,0,0,0,0,168,0,0,0,0,0,0,0,0,0,0,0,0,0,0,0,0,0,159,0,0,0,1,0,0,2,0,0,1,0,0,0,0,402,0,0,0,0,0,0
"17",0,0,0,22,0,0,0,0,0,2,0,0,0,0,2,0,0,0,0,0,0,0,0,0,0,0,0,0,0,0,0,2,0,0,0,0,0,0,0,0,0,0,0,3,2,3,0,0,0,0,7,3,0,1,1,0,1,0,0,0,0,0,0,0,3,21,0,0,0,0,0,0,119,0,0,0,0,0,0,0,0,0,0,3,0,0,0,0,0,0,0,0,0,0,0,0,0,0,0,0,0,0,0,3,0,0,0,0,1,0,0,0,0,0,0,0,16,0,0,0,0,0,0,0,0,0,0,0,0,0,0,0,3,0,0,0,0,3,0,2,0,0,0,0,0,7,6,0,0,0,0,0,0,0,0,0,0,0,0,0,0,0,0,0,0,0,0,0,0,0,0,0,0,0,0,0,0,0,0,0,0,0,0,0,0,0,0,1,0,0,12,0,0,0,0,0,0,140,0,0,0,0,0,0,0,0,0,0,0,0,0,0,0,0,0,160,0,0,0,0,0,0,0,0,0,0,0,0,0,0,402,23,0,2,0,0,0
"18",0,0,0,9,0,0,0,5,0,3,0,0,0,3,0,0,0,0,0,2,0,2,0,0,0,0,1,0,0,1,0,1,0,0,0,1,0,0,0,1,0,0,0,1,1,4,0,0,0,0,24,3,0,4,0,0,1,0,0,0,0,0,0,1,15,23,0,0,0,0,1,0,47,1,0,0,1,1,1,0,0,1,0,1,1,2,0,0,2,0,0,0,0,0,2,0,0,0,0,0,0,0,0,0,3,0,0,0,1,0,0,0,0,0,0,0,12,0,0,0,0,0,0,1,1,1,0,1,0,1,0,0,2,0,0,0,0,0,0,0,0,0,0,1,0,8,5,1,0,0,0,1,1,0,0,0,0,0,0,2,0,5,1,0,0,0,0,0,0,1,0,0,0,0,0,0,0,0,0,0,1,0,0,0,0,0,1,1,0,0,11,0,0,0,0,0,0,72,0,0,0,0,0,0,0,0,0,0,0,0,0,0,0,0,0,104,0,0,0,0,0,2,0,0,0,0,0,0,1,0,596,52,74,2,0,1,0
"19",0,0,0,31,0,0,0,0,0,0,0,0,0,0,0,0,0,0,0,4,0,0,0,0,0,0,0,0,0,0,0,0,0,0,0,0,0,0,0,0,0,0,0,1,0,4,0,0,3,0,3,1,0,0,1,0,3,0,0,0,0,0,0,2,3,24,0,0,0,0,0,0,154,0,0,0,1,0,0,0,0,0,0,3,0,0,0,0,0,0,0,0,0,0,0,0,0,0,0,0,0,0,0,2,0,0,0,0,0,0,0,0,1,0,0,0,24,0,0,0,0,0,0,0,0,0,0,0,0,0,0,0,5,0,0,0,3,3,0,0,0,0,1,0,0,8,4,0,0,0,0,0,0,0,0,0,0,0,0,0,0,0,0,0,0,0,0,0,0,2,0,0,0,0,0,0,0,0,0,0,0,0,0,2,0,1,0,8,0,0,13,0,0,0,0,0,0,147,0,0,0,0,0,0,0,0,0,0,0,0,0,0,0,0,0,121,0,0,0,0,0,0,0,0,0,0,0,0,0,0,1105,77,0,3,0,0,11
"20",0,0,0,37,0,0,0,0,1,0,0,0,0,0,0,0,0,0,0,4,0,0,0,0,0,0,0,0,0,0,0,0,0,0,1,0,0,0,0,0,0,0,0,1,0,2,0,0,17,0,0,8,0,1,3,0,1,0,0,0,0,0,0,0,4,29,0,0,0,0,0,0,176,0,0,0,0,0,0,0,0,0,0,6,0,0,0,0,0,0,0,0,0,0,0,0,0,0,0,0,0,1,0,2,0,0,1,0,0,0,0,0,0,0,0,0,75,0,0,0,0,0,0,0,0,0,0,0,0,0,0,0,5,0,0,0,5,7,1,0,0,0,0,0,0,11,27,0,0,0,0,0,0,0,0,0,0,0,0,0,0,3,0,0,0,0,0,0,0,1,0,0,0,0,0,0,0,0,0,0,0,0,0,2,0,1,0,5,0,0,21,0,0,0,0,0,0,197,0,0,0,0,0,0,0,0,0,0,0,0,0,0,0,0,0,132,0,0,0,0,0,0,0,0,0,0,0,0,0,0,519,0,0,2,0,0,6
"21",0,0,0,21,0,0,0,2,0,0,0,0,0,3,0,0,0,0,0,3,1,0,0,0,0,1,0,0,0,0,0,1,0,0,0,0,0,0,0,0,0,0,0,2,1,0,0,2,0,1,7,0,0,3,1,0,0,0,0,1,1,0,0,0,7,33,0,0,0,0,0,0,33,0,0,2,0,0,1,0,0,0,0,1,1,0,2,0,0,0,0,0,0,0,0,0,0,0,0,0,0,0,0,0,1,0,0,0,3,0,0,0,0,0,0,0,38,0,0,0,0,0,0,0,0,1,0,0,0,0,0,0,1,0,0,0,0,0,0,0,0,0,0,0,0,2,5,2,0,0,0,0,0,0,0,0,0,0,0,0,0,1,1,0,0,0,1,0,0,0,0,0,0,0,0,0,0,0,0,0,0,0,0,0,0,0,5,0,0,0,2,0,0,0,0,0,0,89,0,0,0,0,0,0,0,0,0,0,0,0,0,0,0,0,0,65,0,0,0,1,0,0,0,0,0,0,5,0,3,0,597,45,0,3,0,1,0
"22",0,0,0,23,0,0,0,0,0,1,0,0,0,0,0,0,0,0,0,2,0,0,0,0,0,0,0,0,0,0,0,1,0,0,0,0,0,0,0,0,0,0,0,0,0,0,0,3,4,0,3,3,0,0,1,0,3,0,0,0,0,0,0,0,4,38,0,0,0,0,0,0,83,0,0,1,1,0,0,0,0,0,0,4,0,0,0,0,0,1,0,0,0,0,0,1,0,0,0,0,0,0,0,0,0,0,0,0,4,0,0,0,0,0,0,0,102,0,0,0,0,0,0,0,0,0,0,0,0,1,0,0,3,0,0,0,3,7,0,0,0,0,0,0,0,0,1,0,0,0,0,0,0,0,0,0,0,0,2,0,0,0,0,0,0,0,0,0,0,0,0,0,0,0,0,0,0,0,0,0,0,0,0,1,0,2,0,0,0,0,19,0,0,0,0,0,1,346,0,0,0,0,0,0,0,0,0,0,0,0,0,0,0,0,0,73,0,0,0,7,0,0,1,0,0,0,0,0,0,0,1131,24,0,0,0,4,0
"23",0,0,0,43,0,0,0,1,0,2,0,0,0,0,0,0,0,0,0,2,1,0,0,0,0,2,0,1,0,0,0,0,0,0,0,1,10,0,0,1,0,0,0,2,0,2,0,6,0,0,5,5,0,1,0,0,0,0,0,1,0,0,0,0,0,51,0,0,0,0,0,1,60,4,0,0,0,4,0,0,1,0,0,14,1,4,0,0,0,0,1,1,0,0,0,0,0,0,0,0,0,0,0,1,2,0,0,0,4,0,0,0,0,2,4,1,117,0,0,0,0,0,0,0,0,1,0,0,0,0,0,0,6,0,0,0,0,0,0,0,0,0,0,0,0,3,2,0,0,0,0,0,2,2,0,0,0,0,0,0,0,0,0,0,0,0,0,2,0,1,0,0,0,0,0,1,0,0,0,0,0,0,6,0,0,3,0,1,0,0,24,0,0,0,0,0,0,267,0,1,0,0,0,0,0,0,0,0,0,0,0,0,0,3,0,291,0,2,0,18,0,2,1,1,0,1,0,0,1,1,83,28,0,4,0,0,0
"24",0,0,0,30,0,0,0,0,0,1,0,0,0,0,1,0,0,0,0,3,0,0,0,0,0,0,0,0,0,0,0,1,0,0,0,0,0,0,0,0,0,0,0,0,0,2,0,2,1,0,4,0,0,0,3,0,0,0,0,1,0,0,0,0,2,39,0,0,0,0,0,0,66,0,0,0,1,2,0,0,0,0,0,14,0,0,0,0,0,0,0,0,0,0,0,0,0,0,0,0,0,0,0,0,0,0,0,0,7,0,0,0,0,0,0,0,92,0,0,0,0,0,0,0,0,0,0,0,0,2,0,0,5,0,0,0,0,3,1,0,0,0,1,0,0,1,3,0,0,0,0,0,0,0,0,0,0,0,0,0,0,0,0,0,1,0,0,0,0,3,0,0,0,0,0,0,0,0,0,0,0,0,0,1,0,1,0,3,0,0,6,0,0,0,0,0,0,324,0,0,0,0,0,0,0,0,0,0,0,0,0,0,0,1,0,202,0,0,0,24,0,0,0,0,0,0,0,0,1,0,31,12,0,0,0,4,0
"25",0,0,0,26,0,0,0,0,0,2,0,2,0,0,0,0,0,0,0,6,0,2,0,0,0,0,0,0,2,0,0,1,0,0,0,0,2,0,0,0,0,0,0,4,4,2,0,1,4,0,2,5,0,1,0,0,0,2,0,0,0,0,0,0,2,31,0,0,0,0,1,0,45,1,0,0,0,2,0,0,0,3,0,3,5,1,0,0,0,0,0,0,0,0,0,2,0,0,0,0,0,0,0,2,1,0,0,0,1,0,0,0,0,0,0,0,101,0,0,0,0,0,0,0,0,3,0,0,0,1,0,0,9,0,0,0,0,0,1,0,0,0,0,0,0,0,5,1,0,0,1,0,0,0,0,0,0,0,0,0,0,1,3,0,0,0,0,1,0,0,0,0,1,0,0,1,0,0,0,0,0,0,2,0,0,0,0,0,0,0,39,0,0,0,0,0,0,224,0,3,0,0,0,0,0,1,0,0,0,0,0,0,0,3,0,312,0,2,4,23,0,0,0,0,0,0,1,0,3,0,70,24,1,2,0,3,0
"26",0,0,0,22,0,0,0,0,0,1,0,0,0,0,1,0,0,0,0,6,0,0,0,0,0,0,0,0,0,0,0,0,0,0,1,0,0,0,0,0,0,0,0,0,0,2,0,0,4,0,0,2,0,0,0,0,1,0,0,0,0,0,0,0,1,31,0,0,0,0,0,0,85,0,0,1,3,1,0,0,0,0,0,7,0,0,0,0,0,0,0,0,0,0,0,0,0,0,0,0,0,0,0,0,0,0,0,0,7,0,0,0,0,0,0,0,75,0,0,0,0,0,0,0,0,0,1,0,0,1,2,0,9,0,0,0,0,3,0,0,0,0,0,0,0,0,2,0,0,0,0,0,0,0,0,0,0,0,0,0,0,0,0,0,0,0,0,0,0,0,0,0,0,0,0,0,0,0,0,0,0,0,0,1,0,3,0,0,0,0,16,0,0,0,0,0,0,330,0,0,0,0,0,0,0,0,0,0,0,0,0,0,0,0,0,353,0,0,0,17,0,0,0,1,0,0,0,0,2,0,30,0,0,6,0,0,0
"27",0,0,0,29,0,0,0,0,0,3,0,0,0,0,0,0,0,0,0,4,0,0,0,0,0,0,0,1,0,0,0,0,0,0,0,1,3,0,0,0,0,0,0,0,0,0,0,2,0,0,2,4,0,0,1,0,0,0,0,0,0,0,0,0,1,36,0,0,0,0,0,0,42,1,0,3,0,1,0,0,1,2,1,7,0,8,1,1,0,0,0,0,0,0,0,0,0,0,0,0,0,0,0,0,0,0,0,0,0,0,0,0,0,0,2,0,150,0,0,0,0,0,0,0,0,1,0,0,0,0,0,0,7,0,0,0,0,0,0,0,0,0,1,0,0,3,1,4,0,0,2,0,2,0,2,0,0,0,0,0,0,1,2,0,0,0,1,0,0,12,0,0,0,0,0,0,0,0,0,0,0,0,1,1,0,0,2,1,0,0,30,0,0,0,0,0,0,150,0,0,0,0,0,0,0,1,0,0,0,0,0,0,0,1,0,259,0,7,0,3,0,5,0,0,0,0,4,0,0,1,154,35,0,0,0,1,0
"28",0,0,0,28,0,0,0,0,0,4,0,0,0,0,0,0,0,0,0,4,0,0,0,0,0,0,0,0,0,0,0,0,0,0,1,0,0,0,0,0,0,0,0,0,1,1,0,0,4,0,0,6,0,0,2,0,0,0,0,1,0,0,0,0,0,23,0,0,0,0,0,0,40,0,0,1,0,0,0,0,0,0,0,14,0,0,0,0,0,0,0,0,0,0,0,0,0,0,0,0,0,0,0,0,0,0,0,0,0,0,0,0,0,0,0,0,0,0,0,0,0,0,0,0,0,0,0,0,0,0,0,0,0,0,0,0,0,0,0,0,0,0,0,0,0,1,3,3,0,0,0,0,0,0,0,0,0,0,0,0,0,1,0,0,0,0,0,0,0,1,0,0,0,0,0,0,0,0,0,0,0,0,0,0,0,0,0,0,0,0,9,0,0,0,0,0,0,182,0,0,0,0,0,0,0,0,0,0,0,0,0,0,0,3,0,236,0,0,0,6,0,2,0,0,0,0,0,0,2,0,28,1,0,3,0,0,0
"29",0,0,0,31,0,0,2,0,1,0,0,0,0,0,0,0,0,1,0,4,0,0,0,0,0,0,0,0,0,0,0,0,0,0,1,4,0,1,0,0,0,0,0,0,4,1,0,1,0,0,2,7,0,5,0,0,0,0,0,1,0,0,0,0,11,34,0,0,0,0,0,0,29,0,0,4,2,2,0,0,0,0,0,3,0,2,4,0,0,0,0,0,0,0,0,1,0,0,0,0,0,0,0,0,0,0,0,0,0,0,0,0,0,0,1,1,98,0,0,0,0,0,0,1,0,1,0,0,0,2,0,0,6,0,0,0,0,0,0,0,0,0,0,0,0,2,0,1,0,0,2,4,0,0,0,0,0,0,0,0,0,1,1,0,0,0,0,1,0,0,0,0,0,0,0,0,0,0,1,0,0,0,0,0,0,0,9,0,0,0,16,0,0,0,0,0,0,79,0,0,0,0,0,0,0,0,0,0,0,0,0,0,0,4,0,298,0,2,0,5,0,2,0,0,0,0,0,0,2,1,65,21,0,3,0,2,0
"30",0,0,0,19,0,0,0,1,0,5,0,0,0,0,0,0,0,0,0,0,0,0,0,0,0,0,2,0,0,0,0,0,0,0,0,0,1,0,0,1,0,0,0,1,1,0,0,0,3,0,2,2,0,1,1,0,0,0,0,4,0,0,0,0,2,29,0,0,0,0,0,0,37,4,0,0,1,0,0,0,3,0,0,18,4,5,4,1,0,0,1,0,1,0,0,0,0,0,0,0,0,0,0,0,2,0,0,0,1,0,0,0,0,0,4,2,119,0,0,0,0,0,0,1,0,0,0,0,0,0,0,0,7,0,0,0,0,0,0,0,0,0,0,0,1,4,1,0,0,4,1,0,4,0,0,0,0,0,0,0,0,0,0,0,0,0,0,0,0,4,0,0,0,4,0,0,0,0,0,0,0,0,0,0,0,1,0,0,0,0,30,0,0,0,0,0,0,188,0,1,0,0,0,0,0,0,1,0,0,0,0,0,0,7,0,357,0,5,0,1,0,6,0,1,0,1,16,0,3,0,43,23,0,0,0,0,0
"31",0,0,0,28,0,0,0,0,0,3,0,0,0,1,0,0,0,0,0,1,1,0,0,0,0,0,0,0,0,0,0,0,0,0,1,2,2,0,0,0,0,0,0,0,4,1,0,2,0,0,0,6,0,2,0,0,0,0,0,3,0,0,0,1,4,54,0,0,0,0,0,0,29,0,0,0,0,1,0,0,0,1,0,7,0,3,2,0,0,1,1,0,0,0,0,0,0,0,0,1,0,0,0,0,0,0,0,0,0,0,0,0,0,0,0,0,99,0,0,0,0,0,0,0,0,2,0,0,0,0,0,0,9,0,0,0,0,0,0,0,0,0,0,0,0,6,0,0,0,0,1,2,2,0,0,1,0,0,0,0,0,0,0,1,0,0,0,1,0,2,0,0,0,0,0,0,0,1,0,0,0,0,3,0,0,0,0,0,0,0,15,0,0,0,0,0,0,136,0,0,0,0,0,1,0,0,0,1,1,0,0,0,0,4,0,361,0,0,0,10,0,5,0,0,1,0,8,0,6,0,59,20,0,3,0,3,0
"32",0,0,0,22,0,0,0,0,0,1,0,0,0,0,0,0,0,0,0,4,0,0,0,0,0,0,0,0,0,0,0,1,0,0,0,0,0,0,0,0,0,0,0,0,0,1,0,0,0,0,2,4,0,0,5,0,1,0,0,1,1,0,0,0,0,31,0,0,0,0,0,0,36,0,0,2,0,0,0,0,0,0,0,3,0,0,0,0,0,0,0,0,0,0,0,0,0,0,0,0,0,0,0,0,0,0,0,0,0,0,0,1,0,0,0,0,95,0,0,0,0,0,0,0,0,0,0,0,0,2,0,0,5,0,0,0,0,6,1,0,0,0,0,0,0,1,1,0,0,0,0,0,0,0,0,0,0,0,0,0,0,0,0,0,0,0,0,0,0,2,0,0,0,0,0,0,0,0,0,0,0,0,0,0,0,0,0,3,0,0,16,0,0,0,0,0,0,106,0,0,0,0,0,0,0,0,0,0,0,0,0,0,0,3,0,301,0,0,0,3,0,2,0,0,0,2,0,0,0,0,49,13,0,0,0,1,0
"33",0,0,0,22,0,0,0,2,1,0,0,0,0,0,0,0,0,0,0,11,1,0,0,0,0,0,0,0,0,0,0,1,0,0,0,0,2,0,0,1,0,0,0,0,2,2,0,0,1,0,0,1,0,2,0,0,1,1,0,0,1,0,0,0,1,28,0,0,0,0,3,0,26,0,0,1,0,2,0,0,2,0,0,2,8,4,5,0,0,0,1,0,0,0,0,0,0,0,0,0,0,0,0,0,0,0,0,0,0,0,0,0,0,1,3,0,71,0,1,0,0,0,0,0,0,3,0,0,0,0,0,0,2,0,0,0,0,0,0,0,0,0,0,0,0,0,2,1,0,2,0,0,0,0,1,0,0,0,0,0,0,0,1,0,0,0,0,0,0,2,0,0,0,1,0,0,0,0,0,0,0,0,0,0,0,0,0,0,0,0,17,0,1,0,0,0,0,171,0,0,0,0,0,0,0,0,0,0,0,0,0,0,0,4,0,314,0,9,1,4,0,0,1,0,0,2,5,0,3,1,39,21,1,0,1,0,0
"34",0,0,0,38,0,0,0,1,0,1,0,0,0,0,1,0,0,0,0,6,0,0,0,0,0,1,1,0,0,0,0,0,0,0,0,0,1,0,0,0,0,0,0,1,2,1,0,2,0,0,2,7,0,2,2,0,0,2,0,3,0,0,0,0,5,44,0,0,0,0,0,0,32,2,0,2,2,0,0,0,0,0,0,11,3,3,2,0,1,0,0,0,0,0,1,0,0,0,0,1,0,0,0,1,1,0,0,0,0,0,0,1,3,1,0,0,132,0,0,0,0,1,0,0,0,1,0,0,0,0,0,0,7,0,0,0,0,0,0,0,0,0,0,0,0,0,1,0,0,0,0,0,0,0,5,0,0,0,0,0,0,3,0,0,0,0,0,0,0,0,1,0,0,0,0,0,0,0,0,0,0,0,0,0,0,0,2,0,0,0,30,0,0,0,0,0,0,59,0,0,0,0,0,0,0,0,0,0,0,0,0,0,0,7,0,421,0,6,1,1,0,0,0,0,0,0,0,0,3,1,61,25,0,0,0,2,0
"35",0,0,0,21,0,0,0,1,0,3,0,0,0,0,0,0,0,1,0,5,0,1,0,0,0,0,1,0,0,0,0,2,0,0,1,2,0,0,0,1,0,0,0,0,3,0,0,1,1,0,0,6,0,2,1,0,0,0,0,0,0,0,0,0,2,40,0,0,0,0,1,0,14,1,0,0,0,1,0,0,1,0,0,9,5,3,3,0,0,0,2,0,0,0,0,0,0,0,0,1,0,0,0,0,0,0,0,0,0,0,0,1,0,0,0,1,116,0,0,0,0,0,0,0,0,2,0,0,0,0,0,0,2,0,0,0,0,0,0,0,0,0,0,0,3,2,3,0,0,0,1,0,3,0,0,1,0,0,0,0,0,0,0,0,0,0,1,0,0,0,0,0,0,0,0,0,0,0,0,0,0,0,2,0,0,0,2,0,0,0,17,0,0,0,1,0,0,45,0,0,0,0,1,0,0,0,0,0,0,0,0,0,0,11,0,294,0,4,0,0,0,3,0,0,0,0,4,0,0,0,29,12,1,0,0,0,0
"36",0,0,0,23,0,0,0,0,0,3,0,0,0,0,0,0,0,0,0,5,0,0,0,0,0,0,1,0,0,0,0,0,0,0,0,0,0,0,0,0,0,0,0,0,0,0,0,0,1,0,2,5,0,0,5,0,1,0,0,0,0,0,0,0,0,24,0,0,0,0,0,0,21,0,0,1,0,0,0,0,0,0,0,4,0,0,0,0,0,0,0,0,0,0,0,0,0,0,0,0,0,0,0,0,0,0,0,0,0,0,0,0,0,0,0,0,101,0,0,0,0,0,0,0,0,0,0,0,0,0,0,0,8,0,0,0,0,2,0,0,0,0,0,0,0,0,1,0,0,0,0,0,0,0,0,0,0,0,1,0,0,0,0,0,0,0,0,0,0,0,0,0,0,0,0,0,0,0,0,0,0,0,0,0,0,0,0,1,0,0,14,0,0,0,0,0,1,47,0,0,0,0,0,0,0,0,0,0,0,0,0,0,0,2,0,132,0,0,0,0,0,0,0,0,0,0,0,0,1,0,23,16,0,1,0,0,2
"37",0,0,0,19,0,0,0,3,1,1,0,0,0,0,2,0,0,0,0,4,1,0,0,0,0,1,0,0,0,0,0,0,0,0,0,0,7,0,0,1,0,2,0,1,3,2,0,0,0,0,0,3,0,0,3,0,0,0,0,4,0,0,0,0,4,49,0,0,1,0,0,0,31,1,0,0,0,1,0,0,0,0,0,4,0,0,3,1,0,0,1,0,0,0,2,0,0,0,0,1,0,0,0,0,0,0,0,0,0,0,0,0,2,3,0,0,89,0,0,0,0,1,0,0,0,2,0,0,0,1,0,0,6,0,0,0,0,0,0,0,0,0,0,0,0,0,0,1,0,3,0,0,0,0,1,0,0,0,0,0,0,0,0,0,1,0,0,0,0,0,0,0,0,0,0,0,0,0,0,0,0,0,0,0,0,0,2,0,0,0,18,0,0,0,0,0,0,92,2,0,0,0,0,0,0,0,0,0,0,0,0,0,0,1,0,270,0,6,0,3,0,4,0,0,0,1,3,0,1,0,47,27,0,0,0,0,0
"38",1,0,0,26,0,0,0,3,0,0,0,0,0,0,0,0,0,1,0,1,0,0,0,0,0,0,0,0,0,0,0,0,0,0,0,0,3,0,0,1,1,0,0,0,0,1,0,0,3,0,0,4,0,1,2,0,0,0,0,0,1,0,0,0,0,39,0,0,0,0,3,0,44,1,0,2,1,0,0,0,0,0,0,0,10,6,1,0,0,0,2,0,0,0,0,0,0,0,0,0,0,0,0,0,0,0,0,0,0,0,0,2,0,0,0,0,84,0,0,0,0,0,0,0,0,0,0,0,0,0,0,0,4,0,0,0,0,0,0,0,0,0,0,0,0,0,0,0,0,0,0,0,1,0,2,3,1,0,0,0,0,0,2,0,0,0,0,0,0,1,0,0,0,0,0,0,0,0,0,0,0,0,1,0,0,0,2,0,0,0,9,0,0,0,0,0,0,90,0,0,0,0,0,0,0,0,0,0,0,0,0,0,0,4,0,277,0,7,0,3,0,2,0,0,0,0,0,0,0,3,38,29,0,1,0,1,0
"39",0,0,0,41,0,0,0,3,0,3,0,0,0,0,1,0,0,1,0,10,1,3,0,0,0,0,0,0,0,0,0,0,0,0,0,1,1,0,0,0,0,0,0,2,0,2,0,3,0,0,3,4,0,1,2,0,0,0,0,3,0,0,0,0,4,58,0,0,0,0,1,0,41,4,0,4,1,3,0,0,2,1,0,5,2,3,1,2,0,0,0,0,0,0,0,0,0,0,0,0,0,0,0,0,2,0,0,0,1,0,0,0,0,0,0,1,117,0,1,0,0,0,0,0,0,2,0,0,0,0,0,0,2,0,0,0,0,0,0,0,0,0,0,0,0,1,1,0,0,3,1,0,4,0,3,1,0,0,0,0,0,0,0,0,0,0,0,1,0,0,0,0,0,0,0,0,0,0,0,0,0,0,1,0,0,0,2,0,0,0,55,0,0,0,0,0,0,118,0,0,0,0,0,0,0,0,0,0,0,0,0,0,0,3,0,339,0,5,3,3,0,1,0,0,0,0,2,2,2,4,71,35,1,3,0,1,0
"40",0,0,0,26,0,0,0,0,2,0,0,1,0,0,0,0,0,0,0,8,0,0,0,0,0,0,0,0,0,0,0,2,0,0,0,0,8,0,0,2,0,0,0,2,0,0,0,3,0,0,1,2,0,0,0,0,0,0,0,5,0,0,0,0,1,45,0,0,0,0,0,0,25,0,0,0,0,1,0,0,3,0,0,3,0,0,5,0,0,0,0,0,0,0,1,0,0,0,0,1,0,0,0,0,0,0,0,0,0,0,0,0,1,0,0,0,83,0,0,0,1,0,0,0,0,2,0,0,0,1,0,0,4,0,0,0,0,0,0,0,0,0,0,0,4,0,0,0,0,2,0,4,0,0,0,1,0,0,0,0,0,0,4,1,0,0,0,0,0,3,0,0,0,0,0,0,0,0,0,0,0,0,0,0,1,0,1,0,0,0,29,0,0,0,0,0,0,75,0,1,0,0,0,0,0,0,0,0,0,0,0,0,0,2,0,266,0,4,0,1,0,0,0,0,0,0,7,0,0,2,56,17,0,2,0,0,0
"41",0,0,0,38,0,0,0,2,1,1,0,0,0,0,0,0,0,0,0,1,0,0,0,0,0,1,0,0,0,0,0,0,0,0,5,0,1,0,0,0,0,0,0,0,1,1,0,0,4,0,0,3,0,1,0,0,0,2,0,3,0,0,0,2,2,45,0,0,0,0,0,0,28,0,0,0,0,2,0,0,1,0,0,4,3,4,4,0,0,0,1,0,1,0,0,0,0,0,0,0,0,0,0,0,0,0,0,0,1,0,0,0,1,1,0,0,117,0,0,0,0,0,0,0,0,2,0,0,0,0,0,0,7,0,0,0,0,0,0,0,0,0,0,0,0,0,2,0,0,4,1,0,0,0,2,1,0,0,0,0,0,0,1,0,0,0,0,1,0,0,0,0,0,0,0,0,0,0,0,0,0,0,1,0,0,0,0,0,0,0,25,0,0,0,0,0,0,97,0,0,0,0,0,0,0,0,0,0,0,0,0,0,0,4,0,313,0,6,0,0,0,3,0,0,0,0,4,0,3,3,43,35,1,0,0,1,0
"42",0,0,0,19,0,0,0,0,0,1,0,1,0,0,0,0,0,0,0,4,0,0,0,0,0,3,0,0,0,0,0,0,0,0,0,0,0,0,0,0,0,0,0,0,2,3,0,3,1,0,4,4,0,2,0,0,0,0,0,1,2,0,0,0,1,38,0,0,0,0,0,0,31,0,0,4,0,0,0,0,2,0,0,3,0,2,1,0,0,0,2,0,0,0,1,0,0,0,0,0,0,0,0,0,1,0,0,0,0,0,0,0,1,0,2,0,71,0,0,0,0,0,0,0,0,0,0,0,0,1,0,0,9,0,0,0,0,0,0,0,0,0,0,0,0,0,1,0,0,2,0,0,1,0,2,0,0,0,0,0,1,0,0,1,0,0,0,0,0,0,0,0,0,0,0,0,0,0,0,0,0,0,6,0,0,1,2,1,0,0,24,0,0,0,0,0,0,72,0,0,0,0,0,0,0,0,0,0,0,0,0,0,0,2,0,295,0,5,0,0,0,4,0,0,0,2,4,0,0,2,38,33,2,1,0,0,0
"43",0,0,0,24,0,0,0,1,1,0,0,0,0,1,1,0,0,0,0,3,0,0,0,0,0,0,1,0,0,0,0,0,0,0,0,0,5,0,0,0,0,0,0,0,5,0,0,1,3,0,1,11,0,1,2,0,0,1,0,0,0,0,0,0,2,38,0,0,0,0,0,0,42,0,0,5,0,0,0,0,0,1,1,7,1,8,1,0,0,0,2,0,0,0,1,0,0,0,0,0,0,0,0,0,0,0,0,0,1,0,0,0,0,0,2,0,84,0,0,0,0,0,0,0,0,1,0,0,0,0,0,0,2,0,0,0,0,0,0,0,0,0,0,0,0,0,4,0,0,3,3,0,0,0,3,0,1,0,0,0,0,1,0,0,0,0,0,1,0,0,0,0,0,0,0,0,0,0,0,0,0,0,0,0,0,0,0,0,0,0,20,0,0,0,0,0,0,103,0,0,0,0,0,0,0,0,0,0,0,0,0,0,0,6,0,406,0,4,0,0,0,0,0,0,0,1,6,0,8,1,65,17,0,1,0,1,0
"44",0,0,0,29,0,0,0,3,2,0,0,0,0,0,0,0,0,0,0,12,0,0,0,0,0,3,0,1,0,0,0,0,0,0,0,0,5,0,0,0,0,1,0,1,2,0,0,2,2,0,0,6,0,0,1,0,1,0,0,0,0,0,0,0,2,40,0,0,0,0,0,0,38,0,0,3,1,1,0,0,1,1,0,3,1,3,3,1,0,0,0,0,0,0,0,0,0,0,0,0,0,0,0,0,6,0,0,0,0,0,0,0,0,0,1,0,113,1,1,0,0,0,0,0,0,1,0,0,0,0,0,0,3,0,2,0,0,0,0,0,0,0,0,0,0,5,3,0,0,0,1,0,2,0,0,0,0,0,0,0,0,1,0,1,0,0,0,0,0,0,0,0,0,0,0,0,0,1,0,0,0,0,6,0,0,0,0,0,0,0,37,0,0,0,0,0,0,84,0,0,0,0,0,0,0,0,0,0,0,0,0,0,0,0,0,273,0,4,0,0,0,2,0,0,0,0,8,0,5,1,139,45,0,1,0,2,0
"45",0,0,0,23,0,0,0,0,0,4,0,0,0,0,0,0,0,0,0,0,2,0,0,0,0,2,0,0,0,0,0,0,0,0,1,0,0,0,0,0,0,0,0,2,2,0,0,0,0,0,1,2,0,0,0,0,0,0,0,3,0,0,0,0,1,42,0,0,0,0,0,0,22,0,0,1,0,0,0,0,0,1,0,4,0,1,2,1,0,0,0,1,0,0,0,0,0,0,0,0,0,1,0,0,0,0,0,0,0,0,0,0,0,0,1,0,45,0,0,1,0,0,0,0,0,0,0,0,0,0,0,0,3,0,0,0,0,0,0,0,0,0,0,0,0,0,2,0,0,2,1,0,0,0,0,0,0,0,0,0,0,0,2,0,0,0,0,0,0,0,0,0,0,0,0,0,0,1,0,0,0,0,0,0,0,1,6,0,0,0,16,0,0,0,0,0,1,74,0,0,0,0,0,0,0,0,0,0,0,0,0,0,0,1,1,174,0,1,0,0,0,6,0,0,0,0,4,0,1,0,108,35,0,5,0,0,0
"46",0,0,0,19,0,0,0,0,1,0,0,0,0,0,0,0,0,1,0,5,0,0,0,0,0,0,0,0,0,0,0,1,0,0,0,0,3,0,0,0,0,0,0,1,0,0,0,1,6,0,0,2,0,0,0,0,0,0,0,0,0,0,0,0,2,38,0,0,0,0,1,0,33,0,0,2,0,1,0,0,0,0,0,2,0,6,3,0,0,0,1,0,1,0,0,0,0,0,0,0,0,0,0,0,1,0,0,0,0,0,0,0,0,0,2,0,89,0,1,0,0,0,0,0,0,0,0,0,0,0,0,0,5,0,0,0,0,0,0,0,0,0,0,0,0,1,1,0,0,2,1,0,0,0,0,2,0,0,0,0,0,0,0,0,0,0,2,2,0,0,0,0,1,0,0,0,0,0,0,0,0,0,0,0,0,0,2,0,0,0,27,0,0,0,0,0,0,122,0,0,0,0,0,0,0,1,0,0,0,0,0,0,0,0,0,234,0,5,0,4,0,0,0,0,0,0,5,0,6,0,96,30,0,2,0,1,0
"47",0,0,0,13,0,0,0,0,0,3,0,1,0,1,0,0,0,0,0,1,0,0,0,0,0,0,0,0,0,0,0,0,0,0,0,0,3,0,0,0,0,0,0,0,1,0,0,0,0,0,1,5,0,1,1,0,0,0,0,2,0,0,0,0,0,49,0,0,0,0,3,0,26,2,0,1,4,3,0,0,0,0,0,5,0,7,1,0,0,0,1,0,0,0,0,0,0,0,0,2,0,0,0,0,0,0,0,0,2,0,0,0,0,0,0,1,90,0,1,0,0,0,0,0,0,0,0,0,0,0,0,0,2,0,0,0,0,0,0,0,0,0,0,0,0,0,2,0,0,0,1,0,0,0,2,3,0,0,0,0,0,0,0,0,0,0,0,0,0,0,0,0,0,0,0,0,0,0,1,0,0,0,4,0,0,0,2,0,0,0,21,0,0,0,0,0,0,116,0,0,0,0,0,0,0,0,0,0,1,0,0,0,0,0,0,166,0,2,1,0,0,7,0,0,0,0,9,0,6,0,60,17,2,1,0,1,0
"48",0,0,0,20,0,0,0,0,0,2,1,0,0,0,0,0,0,1,0,7,0,0,0,0,0,0,0,0,0,1,0,0,0,0,0,0,3,0,0,0,0,0,0,0,4,0,0,2,2,0,1,3,0,2,0,0,1,1,0,3,0,0,0,0,1,64,0,0,0,0,2,0,46,2,0,0,0,2,0,0,0,0,0,3,0,7,0,0,0,0,0,0,0,0,0,0,0,0,0,0,0,0,0,0,0,0,0,0,0,1,0,0,1,0,1,0,152,0,0,0,0,0,0,0,1,0,0,0,0,0,0,0,4,0,1,0,0,0,0,0,0,0,0,0,0,2,3,0,0,0,3,0,0,0,2,0,0,0,0,0,0,0,0,0,0,0,1,0,0,0,0,0,0,0,0,0,0,0,0,0,0,0,4,0,0,0,0,0,0,0,36,0,0,0,0,0,0,177,0,0,0,0,0,0,0,0,0,0,0,0,0,0,0,2,0,218,0,7,0,2,0,11,1,0,0,0,7,0,1,0,92,28,0,0,0,1,0
"49",0,0,0,18,0,0,0,2,1,2,0,0,1,0,0,0,0,0,0,4,0,0,0,0,0,2,0,0,0,0,1,0,0,0,0,0,0,0,0,0,0,0,0,2,0,0,0,0,2,0,2,3,0,4,1,0,0,0,0,3,0,0,0,0,1,41,0,0,0,0,0,0,20,0,0,1,2,1,0,0,6,0,0,3,0,6,0,0,2,0,0,0,0,0,0,1,0,0,0,0,0,0,0,0,2,0,0,0,1,0,0,0,0,0,2,0,128,0,1,1,0,0,0,0,0,2,0,0,0,1,0,0,7,0,0,0,0,0,0,0,0,0,0,0,0,5,0,0,0,0,3,0,2,1,2,0,0,0,0,0,0,0,2,0,0,0,0,1,0,2,0,0,1,0,0,0,0,0,0,0,0,0,4,0,0,0,0,1,0,0,26,2,0,0,0,0,0,158,0,0,0,0,0,0,0,0,0,0,0,0,0,0,0,0,0,229,0,3,0,3,0,6,0,0,2,0,5,1,1,0,115,16,0,1,0,3,0
"50",0,0,0,27,0,0,0,1,0,2,0,0,0,0,0,0,0,0,0,6,0,1,0,0,0,1,0,0,0,0,0,0,0,0,0,0,5,0,0,0,0,0,0,0,2,1,0,0,0,0,3,2,0,2,2,0,0,0,0,0,0,0,0,0,0,55,0,0,0,0,1,0,35,0,0,3,0,1,0,0,0,0,1,2,2,8,2,0,0,0,1,0,0,0,0,0,0,0,0,0,0,0,0,0,0,0,0,0,1,0,0,0,0,1,2,0,107,0,0,0,0,0,0,0,0,1,0,0,0,0,0,0,7,0,0,0,0,0,0,0,0,0,0,0,0,2,2,0,0,5,3,0,0,0,0,1,0,0,0,0,0,1,0,0,0,0,0,3,0,0,0,0,0,0,0,0,0,0,0,0,0,0,0,0,0,0,2,0,0,0,19,0,0,0,0,0,0,166,0,0,0,0,0,0,0,0,0,0,0,0,0,0,0,0,0,136,0,5,0,4,0,2,0,1,0,2,1,0,5,0,171,33,2,0,1,1,0
"51",0,0,0,19,0,0,0,2,0,3,0,0,0,0,3,0,0,2,0,6,0,0,0,0,0,0,0,0,0,0,0,0,0,0,0,0,1,0,0,1,0,0,0,2,0,0,0,1,4,0,2,0,0,2,0,0,0,0,0,7,0,0,0,0,2,57,0,0,0,0,1,0,39,0,0,2,0,3,0,0,1,1,0,0,3,3,1,0,0,0,2,0,0,0,0,0,0,0,0,1,0,0,0,0,1,0,0,0,0,1,0,0,2,0,1,0,165,0,0,0,0,0,0,0,0,0,0,0,0,0,1,0,10,0,0,0,1,0,0,0,0,0,0,0,0,0,2,1,0,0,0,0,3,0,2,0,0,0,0,0,1,0,3,0,0,0,0,2,0,1,0,0,0,0,0,0,0,1,0,0,0,0,0,0,0,0,0,0,0,0,10,0,0,0,0,0,0,150,0,0,0,0,0,0,0,0,0,0,0,0,0,0,0,1,0,182,0,4,1,0,0,0,0,0,1,2,4,0,1,0,214,31,2,2,0,2,0
"52",0,0,0,26,0,0,4,0,0,1,0,1,0,0,0,0,0,1,0,8,0,2,0,0,0,0,0,0,0,0,0,2,0,0,0,0,2,0,0,0,2,0,1,0,5,1,0,3,0,0,5,2,1,0,2,0,0,0,0,0,0,0,1,0,5,45,0,0,0,0,2,0,37,0,0,3,1,0,0,0,0,2,0,3,0,3,10,0,0,0,2,0,0,0,0,0,0,0,0,0,0,0,0,0,5,0,0,0,1,0,0,0,0,0,0,0,96,0,0,0,0,0,0,1,0,1,0,0,0,1,0,0,9,0,0,0,0,0,0,0,0,0,0,0,0,1,4,2,0,0,2,0,0,0,4,0,0,0,0,0,0,1,0,0,0,0,0,0,0,1,0,0,0,0,0,0,0,0,1,0,0,0,3,0,0,0,5,2,0,0,1,0,0,0,0,0,0,117,0,0,0,0,0,0,0,0,0,0,0,0,0,0,0,2,1,263,0,1,0,0,0,3,0,0,0,0,1,0,3,0,375,34,6,3,0,3,0
"53",0,0,0,18,0,0,0,0,1,2,0,0,0,1,0,0,0,0,0,5,1,0,0,0,0,0,0,0,0,0,0,1,2,0,0,0,2,0,0,2,0,0,0,0,0,0,0,3,1,0,0,2,0,1,0,0,0,0,0,1,0,0,0,0,0,54,0,0,0,0,0,0,33,1,0,1,1,0,0,0,0,0,0,4,2,1,3,0,0,0,0,0,0,0,0,0,0,0,0,0,0,0,0,1,0,0,0,0,0,0,0,0,0,0,0,0,116,0,0,0,0,1,0,2,0,0,0,0,0,1,0,0,7,0,0,0,0,0,0,0,0,0,0,1,0,2,2,0,1,5,1,0,0,0,3,0,0,0,0,0,0,0,0,1,0,0,0,2,0,0,0,0,0,0,0,0,0,0,0,0,0,0,0,0,0,1,0,1,0,0,9,0,0,0,0,0,0,159,0,0,0,0,0,0,0,0,0,0,0,0,0,0,0,3,0,263,0,5,2,3,0,1,0,0,0,0,1,0,2,0,130,20,1,0,0,0,0
"54",0,0,0,16,0,0,0,2,0,5,0,0,0,0,0,0,0,0,0,2,1,1,0,0,0,2,0,0,0,0,0,0,0,0,0,0,4,0,0,0,0,0,0,0,1,0,0,0,0,0,2,4,0,0,0,0,0,0,0,0,2,0,0,0,4,37,0,0,0,0,0,0,44,0,0,0,0,1,0,0,4,0,0,2,3,3,0,0,0,0,2,0,0,0,0,0,0,0,0,1,0,0,0,1,0,0,0,0,0,0,0,0,0,0,1,0,93,0,0,0,0,0,0,0,0,1,0,0,0,0,0,0,1,0,0,0,0,0,0,0,0,0,0,0,0,3,1,0,0,5,0,0,1,0,0,1,1,0,0,0,0,1,0,1,0,0,1,0,0,1,0,0,0,0,0,0,0,0,0,0,0,0,2,0,0,0,2,1,0,0,8,0,0,0,0,1,0,215,0,0,0,0,0,0,0,0,0,0,0,0,0,0,0,3,0,463,0,3,0,7,0,7,0,0,0,0,4,0,3,0,70,13,1,1,0,3,0
"55",0,0,0,36,0,0,0,2,3,6,0,0,0,0,0,0,0,1,1,3,0,0,0,0,0,0,0,0,0,0,0,1,0,0,0,0,2,0,0,0,0,0,0,0,0,2,0,0,1,0,2,5,0,1,0,0,0,0,0,0,0,0,0,0,1,48,0,0,0,0,2,1,30,2,0,2,0,2,0,0,0,0,0,0,2,4,2,0,0,0,1,0,0,0,0,0,0,0,0,0,0,0,0,0,0,0,0,0,0,0,0,0,0,0,2,0,105,0,0,0,0,0,0,0,0,2,0,0,0,0,0,0,2,0,0,0,0,0,0,0,0,0,0,0,0,4,1,0,0,5,0,0,0,0,2,0,0,0,0,0,0,0,2,1,0,0,0,1,0,2,0,0,0,0,0,0,0,0,0,0,0,0,0,0,0,0,1,0,0,0,10,0,0,0,0,1,0,137,0,0,0,0,0,0,0,0,0,0,0,0,0,0,0,1,0,423,0,1,1,11,0,5,0,0,3,0,3,0,7,2,67,12,0,1,0,1,0
"56",0,0,0,17,0,0,0,1,0,3,0,0,0,0,0,0,0,0,0,0,0,0,0,0,0,1,0,0,0,0,0,0,0,0,0,0,0,0,0,0,0,0,0,2,0,0,0,2,0,1,0,4,0,2,0,0,0,0,0,1,1,0,0,0,2,41,0,0,0,0,3,0,39,0,0,1,0,0,1,0,0,0,0,0,2,5,0,0,0,0,0,0,0,0,0,0,0,0,0,0,0,0,0,0,0,0,0,0,0,1,0,1,0,0,0,0,72,0,1,0,0,0,0,1,0,3,0,0,0,0,0,0,4,0,0,0,0,0,0,0,0,0,0,0,0,2,1,2,0,5,1,0,0,0,3,0,0,0,0,0,0,1,0,1,0,0,1,0,0,1,0,0,0,0,0,0,0,0,0,0,0,0,5,0,0,0,1,0,0,0,10,0,0,0,0,0,0,201,0,0,0,0,0,0,0,0,0,0,0,0,0,0,0,2,0,285,0,2,0,12,0,11,0,0,0,0,6,0,2,0,25,16,4,1,0,0,0
"57",0,0,0,28,0,0,1,0,0,4,0,0,0,1,1,0,0,0,0,7,0,0,0,0,0,0,1,0,0,0,0,0,0,0,1,2,5,0,0,0,1,0,0,2,1,2,0,0,0,0,2,3,0,2,0,0,0,0,0,0,0,0,0,4,6,58,0,0,0,0,0,0,84,1,0,0,0,1,0,0,0,0,0,3,0,4,4,0,0,0,0,0,0,0,0,0,0,0,0,0,0,1,0,0,3,0,0,0,0,1,0,1,0,0,0,0,91,0,0,0,1,0,0,0,0,0,0,0,0,0,2,0,5,0,0,0,0,0,0,0,0,0,0,2,0,3,0,2,0,7,0,0,2,0,1,0,0,0,0,3,0,4,1,0,0,0,1,5,0,2,0,0,0,0,0,0,0,1,1,0,0,0,7,0,0,0,6,0,0,0,16,0,0,0,0,0,0,216,0,0,0,0,0,0,0,0,0,0,0,0,0,0,0,2,0,553,0,0,1,29,0,6,0,0,0,1,2,0,5,0,194,30,9,3,0,2,0
"58",0,0,0,15,0,0,1,0,0,4,0,0,0,0,0,0,0,1,0,1,0,1,0,0,0,2,0,0,0,0,0,0,0,0,0,0,3,0,0,0,0,0,0,0,2,0,0,1,4,0,1,6,0,4,0,0,0,0,0,2,0,0,0,2,0,51,0,0,0,0,2,0,57,0,0,4,0,2,0,0,0,0,0,6,0,3,1,1,1,0,1,1,0,0,0,0,0,0,0,0,0,0,0,0,0,0,0,0,0,0,0,0,0,0,3,0,69,0,0,0,1,0,0,0,0,0,0,0,0,0,0,1,3,0,0,0,0,0,0,0,0,0,0,0,0,3,0,2,0,7,0,0,2,0,0,1,0,0,0,0,0,0,1,1,0,0,0,2,0,6,0,0,0,0,0,0,0,0,0,0,0,0,2,0,0,0,0,0,0,0,16,0,0,0,0,0,0,208,0,0,0,0,0,0,0,0,0,0,0,0,0,0,0,1,0,367,0,4,0,16,0,13,0,0,1,0,6,0,2,2,50,21,1,1,0,0,0
"59",0,0,0,20,0,0,0,0,1,2,0,0,0,0,0,0,0,0,0,2,0,0,0,0,0,1,0,0,0,3,0,2,0,0,0,0,2,0,0,0,0,0,0,0,0,0,0,0,2,0,0,2,0,0,0,0,0,0,0,0,1,0,0,0,10,52,0,0,0,0,0,0,48,0,0,1,0,1,0,0,2,0,0,1,0,2,2,0,0,0,1,0,0,0,0,0,0,0,0,0,1,0,0,0,1,0,0,0,0,0,0,0,0,0,2,0,76,0,0,0,0,0,0,1,0,2,0,0,0,0,0,1,3,0,0,0,0,0,0,0,0,0,0,0,0,4,1,0,0,8,1,1,0,0,0,0,2,0,0,0,0,3,0,0,0,0,3,0,0,2,0,0,0,0,0,0,0,0,1,0,0,0,7,0,0,0,2,1,0,0,10,0,0,0,0,0,0,187,0,0,0,0,0,0,0,0,0,0,0,0,0,0,0,4,0,379,0,6,1,27,0,8,1,1,0,0,12,0,1,1,58,13,1,1,0,1,0
"60",0,1,0,14,0,0,0,1,0,6,0,0,0,0,0,0,0,0,0,3,1,0,0,0,0,0,0,0,0,0,0,0,0,0,0,0,1,0,0,0,0,0,0,0,2,0,0,0,1,1,0,4,0,1,0,0,0,0,0,0,0,0,0,0,4,52,0,0,0,0,1,0,68,0,0,0,0,2,0,1,0,0,0,4,0,5,0,0,1,0,1,0,0,0,0,0,0,0,0,0,0,0,0,0,1,0,0,0,0,1,0,0,1,0,0,0,72,0,0,0,0,0,0,0,0,1,0,0,0,0,0,0,4,0,0,0,0,0,0,0,0,1,0,0,0,2,1,1,0,9,1,0,0,0,0,0,0,0,0,0,0,1,0,0,0,0,0,0,0,5,0,0,0,0,0,0,0,1,0,0,0,0,0,0,0,0,0,0,0,1,17,0,0,0,0,0,0,162,0,1,0,0,0,0,0,0,0,0,0,0,0,0,0,0,1,331,0,6,0,27,0,12,0,0,0,1,13,0,5,0,58,34,0,0,0,0,0
"61",0,0,0,21,0,0,0,0,0,4,0,0,0,0,0,0,0,0,0,6,0,0,0,0,0,0,0,0,0,0,0,0,0,0,0,0,1,0,0,0,0,0,0,0,4,1,0,0,2,0,3,6,0,1,0,0,0,0,0,0,1,0,0,0,3,59,0,0,0,0,0,0,62,1,0,2,0,1,0,0,1,1,0,4,0,4,4,0,0,0,1,0,0,0,0,0,0,0,0,0,0,0,0,0,2,0,0,0,0,0,0,0,2,0,2,0,76,0,0,0,0,0,0,0,0,1,0,0,0,0,0,0,6,0,1,0,0,0,0,0,0,0,0,1,0,4,1,4,0,3,2,1,0,0,0,0,0,0,0,0,0,2,0,0,0,1,0,1,0,18,0,0,0,0,0,0,0,0,0,0,0,0,0,0,0,0,0,0,0,0,23,0,0,0,0,0,0,196,0,0,0,0,0,0,0,0,0,0,0,0,0,0,0,5,0,357,0,3,0,14,0,6,0,0,0,0,8,0,3,1,63,23,0,2,0,0,0
"62",1,0,0,21,0,0,0,0,0,0,0,0,0,0,0,0,0,0,0,4,0,0,0,0,0,0,0,0,0,0,0,0,0,0,0,0,0,0,0,0,0,0,0,2,4,2,0,0,0,0,3,4,0,2,0,0,0,0,0,0,0,0,0,0,4,37,0,0,0,0,0,0,81,0,0,1,2,2,0,0,0,2,0,3,2,1,6,0,0,0,1,0,0,0,0,0,0,0,0,0,0,0,0,0,2,0,0,0,0,0,0,0,0,0,0,1,57,0,0,0,0,0,0,1,0,0,0,0,0,0,0,0,3,1,0,0,0,0,1,0,0,0,0,0,0,5,1,3,0,0,0,2,2,0,3,0,0,0,0,0,0,0,2,0,0,0,0,0,0,8,0,0,0,0,0,0,0,0,0,0,0,0,2,0,1,0,6,0,0,0,24,0,0,0,0,0,0,219,0,0,0,0,0,0,0,0,0,0,0,0,0,0,0,3,0,269,0,2,0,4,0,13,0,0,0,0,0,0,7,1,133,35,5,6,0,4,0
"63",0,0,0,26,0,0,0,0,0,1,0,0,0,1,0,0,0,0,0,4,0,0,0,0,0,0,0,0,0,0,0,0,0,0,0,0,2,0,0,0,0,0,0,0,1,2,0,2,6,0,2,3,0,2,6,0,0,0,0,2,1,0,0,1,4,41,0,0,0,0,0,0,79,0,0,0,0,3,0,0,0,0,0,4,0,7,1,0,0,0,1,0,2,0,0,0,0,0,0,0,0,0,0,0,1,0,0,0,0,0,0,0,1,0,3,0,82,0,1,0,0,0,0,1,0,3,0,0,0,0,0,0,4,0,0,0,1,0,0,0,0,0,0,0,0,2,1,1,0,0,0,0,0,0,0,0,0,0,0,0,0,0,0,0,0,0,0,2,0,6,0,0,0,0,0,0,0,1,1,0,0,0,0,0,0,0,6,1,0,0,18,0,0,0,0,0,0,249,0,0,0,0,0,0,0,0,0,0,0,0,0,0,0,4,0,228,0,3,0,1,0,5,1,0,2,0,5,0,6,0,107,26,1,2,0,1,0
"64",0,0,0,23,0,0,0,1,3,0,0,0,0,0,0,0,0,1,0,2,0,0,0,0,0,0,0,0,0,0,0,1,0,0,0,0,4,0,0,1,0,0,0,1,2,0,0,1,0,0,4,5,0,0,3,0,0,0,0,0,0,0,0,0,3,49,0,0,0,0,0,0,79,0,0,2,0,2,0,0,1,0,0,17,3,6,3,0,0,0,0,0,0,0,1,0,0,0,0,0,0,0,0,2,0,0,0,0,0,0,0,0,0,0,1,0,87,0,1,0,0,0,0,0,0,1,0,0,0,0,0,0,11,0,0,0,0,0,0,0,1,0,0,0,0,3,0,2,1,0,0,0,1,0,0,0,0,0,0,0,0,0,1,2,0,0,0,0,0,1,0,0,0,0,0,0,0,0,0,0,0,0,1,0,0,0,2,1,0,0,18,0,0,0,0,0,0,181,0,0,0,0,0,0,0,1,0,0,0,0,0,0,0,2,0,254,0,0,2,1,0,5,0,0,0,4,2,0,5,0,109,32,4,1,0,5,0
"65",0,0,0,28,0,0,0,2,0,2,0,1,0,0,1,0,0,2,0,1,1,0,0,0,0,0,0,0,0,0,0,0,0,0,0,0,4,0,0,0,0,0,0,2,3,0,0,2,3,0,1,3,0,1,1,1,0,0,0,1,0,0,0,0,1,40,0,0,0,0,1,0,43,0,0,0,0,0,0,0,0,0,0,6,3,5,3,0,0,0,0,0,0,0,0,0,0,0,0,1,0,0,0,0,0,0,0,0,0,0,0,0,1,0,2,0,135,0,0,0,0,0,0,0,0,0,0,0,0,0,0,0,17,0,0,0,1,0,0,0,0,0,0,1,0,2,3,3,1,2,2,0,0,0,0,0,0,0,0,0,0,2,0,0,0,0,0,2,0,3,0,0,0,0,0,1,0,0,1,0,0,0,3,0,0,0,2,1,0,0,15,0,0,0,0,0,0,96,0,0,0,0,0,0,0,0,0,0,0,0,0,0,0,2,0,238,0,9,0,3,0,1,0,0,1,2,4,0,8,0,84,42,1,1,0,4,0
"66",0,0,0,21,0,0,0,3,2,5,0,0,0,2,0,0,0,0,0,2,0,0,0,0,0,0,1,0,0,0,0,1,0,0,1,0,3,0,0,0,0,0,0,0,4,2,0,2,5,0,4,6,0,4,0,0,0,0,0,0,0,0,0,0,4,38,0,0,0,0,0,0,47,0,0,1,0,2,0,0,2,0,0,11,0,2,1,0,0,0,1,0,1,0,0,0,0,0,0,0,0,0,0,0,0,0,0,0,0,0,0,0,1,0,4,0,114,0,0,0,0,0,0,0,0,0,0,0,0,0,0,0,3,0,0,1,0,0,0,0,0,0,0,0,0,5,4,2,0,0,1,0,0,0,1,0,0,1,0,0,0,1,0,2,0,0,3,3,0,0,0,0,0,0,0,1,0,2,0,0,0,0,3,0,2,1,4,0,0,0,13,0,0,0,0,0,0,75,0,0,0,0,0,0,0,0,0,0,0,0,0,0,0,9,0,326,0,1,0,0,0,3,0,0,1,0,6,0,5,2,198,34,10,2,0,1,0
"67",0,0,0,28,0,0,0,1,0,1,0,0,0,0,0,1,0,0,0,1,0,0,0,0,0,1,0,0,0,0,0,1,0,0,1,0,0,0,0,0,0,0,0,1,3,0,0,1,1,0,2,6,0,0,1,0,0,0,0,0,0,0,0,0,2,41,0,0,0,0,0,0,47,0,0,2,0,6,0,0,7,0,0,5,3,3,0,2,0,0,1,0,0,0,0,1,0,0,0,0,0,0,0,0,2,0,0,0,2,0,0,0,0,0,3,0,125,0,0,0,0,0,0,0,0,0,0,0,0,0,0,0,10,0,0,0,0,0,0,0,0,0,0,0,0,0,3,1,0,0,0,0,1,0,0,0,0,0,0,0,0,1,0,0,0,0,0,0,0,0,0,0,1,0,0,0,1,0,1,0,0,0,2,0,0,0,6,1,0,0,19,0,0,0,0,0,0,76,0,0,0,0,0,0,0,0,0,0,0,0,0,0,0,0,0,240,0,1,0,0,0,0,0,0,0,0,0,0,2,3,99,33,3,2,0,0,0
"68",0,0,0,23,0,0,0,0,0,3,0,0,0,0,0,0,0,0,0,5,0,2,0,0,0,0,0,0,0,0,0,0,0,0,0,0,0,0,0,0,0,1,0,0,1,4,0,2,3,0,7,2,0,1,0,0,0,0,0,0,1,0,0,1,9,45,0,0,0,0,0,0,68,0,0,3,0,4,0,0,0,0,0,4,0,12,0,0,0,0,0,0,0,0,0,0,0,0,0,0,0,0,0,2,0,0,0,0,0,0,0,0,2,0,1,0,166,0,0,0,0,1,0,0,0,1,0,0,0,0,0,0,10,0,0,0,0,0,0,0,0,0,0,1,0,0,0,0,0,0,0,0,0,0,0,0,0,0,1,0,0,2,0,1,0,0,0,0,0,2,0,0,0,0,0,0,0,0,0,0,0,0,0,0,0,0,5,0,0,0,10,0,0,0,0,0,0,76,0,0,0,0,1,0,0,0,0,0,0,0,0,0,0,4,0,339,0,7,1,0,0,4,0,0,1,0,3,0,4,5,87,31,0,0,0,4,0
"69",0,0,0,29,0,0,0,0,1,0,0,0,0,1,1,0,0,0,0,2,0,0,0,0,0,0,0,0,0,0,0,0,0,0,1,0,3,0,0,0,0,0,0,2,4,3,0,3,5,0,4,1,0,3,0,0,0,0,0,3,0,0,0,0,4,42,0,0,0,1,2,0,84,0,0,2,0,2,0,0,1,0,0,2,2,1,2,1,0,2,0,0,0,0,1,0,0,0,0,0,0,0,0,0,0,0,0,0,0,0,0,0,0,0,2,0,78,0,0,0,0,0,0,0,0,0,0,0,1,0,0,0,13,0,0,0,0,0,0,0,0,0,0,0,0,0,1,0,0,2,1,0,0,0,0,0,0,0,1,0,0,2,0,0,0,0,0,1,0,0,0,0,0,1,0,0,0,0,0,0,0,0,0,0,0,0,3,3,0,0,17,0,0,0,0,0,0,112,0,0,0,0,0,0,0,0,0,0,0,0,0,1,0,2,0,336,0,4,0,2,0,4,0,0,0,1,3,0,3,2,108,25,1,2,0,4,0
"70",0,0,0,15,0,0,0,0,0,1,0,0,0,0,0,0,0,0,0,8,0,0,0,0,0,0,0,0,0,0,0,0,0,0,1,0,2,0,0,0,0,0,0,1,3,0,0,1,4,0,2,2,0,0,0,0,0,0,0,2,0,0,0,0,5,39,0,0,0,0,0,1,59,0,0,2,0,1,0,0,2,0,0,4,2,4,2,0,0,0,0,0,0,0,0,0,0,0,0,1,0,0,0,1,0,0,0,0,0,0,0,0,0,0,1,0,54,0,0,0,0,0,0,0,0,0,0,0,0,0,0,0,5,0,0,0,0,0,0,0,0,0,0,0,0,0,0,0,0,2,0,0,4,0,1,1,0,0,0,0,0,1,0,0,0,0,0,2,0,0,0,0,0,0,0,0,0,0,0,0,0,0,0,0,1,1,0,2,0,0,14,0,0,0,0,0,0,82,0,0,0,0,0,0,0,0,0,0,0,0,0,0,0,3,0,218,0,4,0,2,0,0,0,0,0,0,2,0,8,1,121,27,3,1,1,0,0
"71",0,0,0,11,0,0,0,0,0,2,0,1,0,0,0,0,0,0,0,3,0,0,0,0,0,0,0,0,0,1,0,0,0,0,0,0,0,0,0,0,0,1,0,0,3,0,0,2,6,0,0,0,0,1,0,0,0,0,0,0,0,0,0,0,2,22,0,0,0,0,0,0,48,2,0,0,0,0,0,0,0,0,0,0,0,4,0,0,0,0,1,0,0,0,0,0,0,0,0,2,0,0,0,0,0,1,0,0,0,0,0,0,0,0,2,1,43,0,0,0,0,0,0,0,0,0,0,0,0,1,0,0,6,0,0,0,0,0,0,0,0,0,0,0,0,0,0,1,0,1,0,0,0,0,0,0,0,0,0,0,0,0,0,0,0,0,2,1,0,0,0,0,0,0,0,0,0,1,0,0,0,0,0,0,1,0,3,0,0,0,8,0,0,0,0,0,0,50,0,0,0,0,0,0,0,0,0,0,0,0,0,0,0,7,0,188,0,1,0,5,0,0,0,0,0,0,1,0,2,0,90,25,2,2,0,0,0
"72",0,0,0,0,0,0,1,1,0,1,0,1,0,0,0,0,0,0,0,1,0,0,1,0,0,0,0,0,0,0,0,0,0,0,0,0,0,0,0,0,0,0,0,0,0,0,0,3,0,0,3,3,0,2,2,0,0,0,0,0,0,0,0,2,2,30,0,0,0,0,0,0,34,1,0,0,0,0,0,0,0,0,0,3,0,12,0,1,0,0,0,0,0,0,0,0,0,1,0,0,0,0,0,0,1,0,0,0,1,0,0,0,0,1,0,0,47,0,0,0,0,0,0,0,0,1,5,0,0,1,0,0,6,0,0,0,0,0,0,0,0,1,0,0,0,0,0,0,0,2,0,0,0,0,2,0,0,0,0,0,0,1,0,0,0,0,0,0,0,0,0,0,0,0,0,0,0,0,0,0,0,0,0,0,0,0,2,0,0,0,1,0,0,0,0,0,0,62,0,0,0,0,0,0,0,0,0,0,0,0,0,0,0,3,0,252,0,0,0,0,0,0,0,0,2,0,1,0,3,2,103,23,1,4,0,3,0
"73",0,0,0,27,0,0,0,0,2,0,0,0,0,0,1,0,0,0,0,6,0,0,0,0,0,3,0,0,0,0,1,1,0,0,0,1,0,0,0,0,1,1,0,3,3,0,0,2,0,0,6,3,0,2,2,0,0,1,0,5,0,0,0,0,5,39,0,0,0,0,0,0,49,0,0,1,1,1,0,0,0,1,0,0,2,7,2,1,0,0,0,0,1,1,0,0,0,0,0,0,0,0,0,0,0,0,0,0,0,0,0,0,0,0,0,0,73,0,0,0,1,0,0,0,0,0,0,0,0,0,0,0,13,0,0,0,0,0,0,0,0,0,0,2,0,1,0,0,0,1,0,0,0,0,7,0,0,0,0,1,0,0,0,0,0,0,0,2,0,0,0,0,0,0,0,0,0,0,0,0,0,0,0,0,0,0,8,0,0,0,17,0,0,0,0,0,0,78,0,0,0,0,0,0,0,0,0,0,0,0,0,0,0,4,0,411,0,2,0,0,1,6,0,0,0,0,0,1,4,0,185,18,0,0,0,3,0
"74",0,0,0,33,0,0,0,0,1,0,0,0,0,2,0,0,0,1,0,3,0,0,0,0,0,0,0,0,0,0,0,1,0,0,1,6,0,0,0,0,0,0,0,3,4,1,0,1,0,0,4,4,0,4,1,0,0,0,0,4,0,0,0,0,9,31,0,0,0,0,3,0,60,2,0,1,3,0,0,0,0,0,0,10,0,7,3,0,0,0,2,0,0,0,1,0,0,0,0,0,0,0,0,1,3,0,0,0,0,0,0,0,0,0,1,0,62,0,0,0,1,0,1,0,0,2,0,0,0,0,0,0,12,0,0,0,0,0,0,0,0,0,0,0,0,2,2,0,2,0,0,6,0,0,0,0,0,0,0,0,0,3,2,1,0,0,0,0,0,1,0,0,0,0,0,0,0,0,0,0,0,0,1,0,0,1,6,0,0,0,17,0,0,0,0,0,0,88,0,0,0,0,0,0,0,0,0,0,0,0,0,0,0,2,0,188,0,0,0,0,0,0,2,0,1,0,0,0,5,1,343,26,1,11,1,2,0
"75",0,0,0,33,0,0,3,0,0,2,0,0,0,0,2,0,0,0,0,1,0,0,0,0,0,1,0,0,0,0,0,0,0,0,0,2,0,0,0,0,0,0,0,1,1,2,0,7,0,0,4,4,0,1,4,0,0,0,0,2,1,0,0,0,9,46,0,0,0,0,0,0,59,2,0,1,2,0,0,0,0,0,0,4,0,4,0,0,0,0,0,0,1,0,0,0,0,0,0,0,0,0,0,0,2,0,0,0,0,0,0,0,1,0,0,1,67,0,0,0,0,0,0,0,0,3,0,0,0,0,0,0,12,0,0,0,0,0,1,0,0,1,0,0,0,3,0,1,0,0,0,0,0,0,7,1,0,0,0,0,0,2,1,0,0,0,0,0,0,0,0,0,0,0,0,0,0,2,0,0,0,0,2,0,0,2,4,1,0,0,26,0,0,0,0,0,0,79,0,0,0,0,0,0,0,0,0,0,0,0,0,0,0,6,0,417,0,0,0,1,0,0,0,0,0,0,1,0,0,0,148,17,0,4,0,3,0
"76",0,0,0,42,0,0,0,2,1,0,0,0,0,2,0,0,0,0,0,7,0,0,0,0,0,1,0,0,0,0,0,0,0,0,0,0,0,0,0,0,0,0,0,3,3,2,0,3,0,0,6,6,0,2,3,0,1,1,0,9,0,0,0,0,3,36,0,0,0,0,0,0,45,0,0,2,1,0,0,0,4,0,0,14,5,6,0,1,0,0,1,1,0,0,0,0,0,0,0,0,0,0,0,1,1,0,0,0,0,0,0,0,0,0,3,0,148,0,0,0,0,0,0,0,0,0,0,0,1,0,0,0,16,0,0,0,0,0,0,0,0,0,0,0,0,1,0,1,0,3,0,0,7,0,1,0,0,0,0,0,0,1,3,0,1,0,0,1,0,0,0,0,0,0,0,0,0,0,0,0,0,0,0,0,0,2,1,0,0,0,30,0,0,0,0,0,0,109,0,0,0,0,0,0,0,0,0,0,0,0,0,0,0,3,0,329,0,1,0,5,0,2,0,0,2,0,1,0,9,1,79,34,0,1,0,7,0
"77",0,0,0,34,0,0,1,1,0,0,0,0,0,0,0,0,0,0,0,4,0,0,0,0,0,1,0,0,0,0,0,0,0,0,0,0,0,0,0,1,0,0,0,1,3,0,0,2,0,0,1,5,0,2,2,0,1,0,0,6,1,0,0,1,4,62,0,0,0,0,1,0,102,2,0,2,0,1,0,0,3,1,0,13,0,4,2,0,0,0,0,0,0,0,1,0,0,0,0,0,0,0,0,2,4,0,0,0,0,0,0,0,0,0,0,0,101,0,0,0,0,0,0,1,0,1,0,0,0,0,0,0,19,0,0,0,0,0,0,0,0,0,0,0,0,0,2,1,0,4,0,0,2,0,0,0,0,0,0,0,0,1,1,1,0,0,0,0,0,2,0,0,0,0,0,0,0,0,0,0,0,0,5,0,0,0,0,0,0,0,26,0,0,1,0,0,0,128,0,0,0,0,0,0,0,0,0,0,0,0,0,0,0,2,0,278,0,2,0,0,0,5,0,0,1,2,2,0,9,2,78,25,0,1,0,4,0
"78",0,0,0,32,0,0,0,1,1,1,0,0,0,1,1,0,0,1,0,2,0,0,0,0,0,2,0,0,0,0,0,0,0,0,1,0,2,0,0,0,0,0,0,2,0,0,0,4,0,0,7,8,0,0,2,1,0,0,0,0,0,0,0,0,9,40,0,0,1,0,1,0,67,1,0,1,0,0,0,0,0,0,0,4,0,9,4,1,0,0,0,0,0,0,2,0,0,0,0,0,0,0,0,1,0,0,0,0,0,0,0,0,0,1,0,1,87,0,2,0,1,0,0,0,0,2,0,0,0,0,0,0,13,0,0,0,0,0,0,1,0,0,0,0,0,3,0,0,0,3,0,1,2,0,7,0,0,0,0,0,0,1,0,4,0,0,0,2,0,3,0,0,0,0,0,0,0,0,0,0,0,0,3,0,0,0,0,0,0,0,16,0,0,0,0,0,0,134,0,0,0,0,0,0,0,0,0,0,0,0,0,0,0,2,0,295,0,0,0,2,0,4,0,0,0,0,1,0,0,0,124,34,1,3,0,0,0
"79",0,0,0,36,0,0,1,0,0,4,0,0,0,1,0,0,0,1,0,5,0,2,0,0,0,1,0,0,0,0,0,1,0,0,3,4,3,0,1,0,0,0,0,1,7,3,0,1,0,0,1,7,0,0,3,0,0,0,0,2,0,0,0,1,7,33,0,0,0,0,0,0,41,0,1,1,0,0,0,0,0,0,0,4,0,0,4,2,0,0,1,0,0,0,0,0,0,0,0,0,0,0,0,0,0,0,0,0,0,0,0,0,0,1,1,3,78,0,0,0,0,0,0,0,0,1,0,0,0,0,0,0,7,0,0,0,0,0,0,0,0,0,0,0,0,1,0,0,0,6,0,0,0,0,1,0,0,0,0,1,0,2,2,1,0,0,0,0,0,6,0,0,0,0,0,0,2,0,0,0,0,0,0,0,1,0,3,0,0,0,31,0,0,0,0,0,0,108,0,0,2,0,0,0,0,0,0,0,0,0,0,0,0,5,0,208,0,4,0,6,0,3,0,0,0,1,2,0,3,0,68,29,2,0,0,2,0
"80",0,0,0,24,0,0,0,0,1,0,0,0,0,0,1,0,0,0,0,3,0,0,0,0,0,0,0,0,0,0,0,2,0,0,2,3,2,0,0,0,0,0,0,2,3,3,0,1,0,1,4,9,0,2,1,0,0,0,0,0,0,0,0,0,1,35,0,0,0,0,0,0,67,2,0,0,0,1,0,0,0,0,0,6,0,13,1,0,0,0,1,1,0,1,0,0,0,0,0,0,0,0,0,1,0,0,0,0,2,0,0,0,0,0,0,0,123,0,0,1,0,0,0,0,0,2,0,0,0,0,0,0,2,0,0,0,1,0,0,0,0,0,0,0,0,2,0,1,0,0,0,2,0,0,2,0,0,0,0,0,0,3,2,0,0,0,0,0,0,0,0,0,0,0,0,0,0,0,0,0,0,0,0,0,1,0,5,0,0,0,26,0,0,0,0,1,0,80,0,0,0,0,0,0,0,0,0,0,0,0,0,0,0,0,0,228,0,1,2,1,0,2,0,0,1,0,0,0,1,0,128,23,5,3,0,3,0
"81",0,0,0,33,0,0,0,0,2,0,0,0,0,3,0,0,0,0,0,4,0,4,0,0,0,1,0,0,0,0,0,0,0,0,1,0,0,0,0,0,0,0,0,4,4,0,0,4,0,0,1,5,0,4,0,0,0,0,0,6,0,0,0,1,9,56,0,0,0,0,1,0,39,0,0,0,0,3,0,0,0,1,0,7,0,2,2,0,0,0,0,0,1,0,2,0,0,0,0,0,0,0,0,2,1,0,0,0,0,0,0,0,0,0,0,0,57,0,1,0,0,0,0,0,0,1,1,0,0,0,0,0,2,0,0,0,0,0,0,0,0,0,0,0,0,1,0,1,0,4,0,0,0,0,1,0,0,0,0,0,0,0,2,0,0,0,0,3,0,0,0,0,0,0,0,1,0,0,0,0,0,0,3,0,0,0,3,0,0,0,30,0,0,0,0,0,0,71,0,0,0,0,0,0,0,0,0,0,0,0,0,0,0,0,0,225,0,6,0,0,0,2,0,0,0,0,4,0,7,3,220,22,0,6,0,2,0
"82",0,0,0,17,0,0,0,1,0,1,0,0,0,0,0,0,0,0,0,1,0,0,1,0,0,0,1,0,0,0,0,0,0,0,0,1,1,0,0,1,0,0,0,2,1,0,0,0,0,0,0,3,0,0,7,0,1,0,0,1,0,0,0,0,2,48,0,0,0,0,2,0,20,0,0,0,0,1,0,0,0,0,0,13,4,4,0,0,0,0,0,0,0,0,0,0,0,0,0,0,0,0,0,0,0,0,0,0,0,0,0,0,0,1,0,0,57,1,0,0,0,0,0,0,0,3,0,0,0,0,0,0,3,0,0,1,0,0,0,0,0,0,0,0,0,1,0,0,0,0,0,0,4,0,1,0,0,0,0,0,0,4,1,0,0,2,0,1,0,0,0,0,0,0,0,0,0,0,0,0,0,0,0,0,0,0,5,1,0,0,22,0,0,0,0,0,0,48,0,0,0,0,0,0,0,0,0,0,0,0,0,0,0,9,0,177,0,1,1,0,0,0,0,0,0,1,1,0,0,0,492,21,0,2,0,0,0
"83",0,0,0,26,0,0,0,0,1,1,0,0,0,0,0,0,0,0,0,2,0,0,0,0,0,0,0,0,0,0,0,0,0,0,0,0,4,0,0,0,0,1,0,2,1,0,0,2,0,0,2,3,0,0,2,0,0,0,0,0,0,0,0,1,1,25,0,0,0,0,0,0,11,0,0,0,0,0,0,0,0,0,0,3,0,0,1,0,0,0,0,0,0,0,0,0,0,0,0,0,0,0,0,0,0,0,0,0,0,0,0,0,0,0,0,0,69,0,0,0,0,0,0,0,0,2,0,0,0,0,0,0,6,0,0,0,0,0,0,0,0,0,0,0,0,0,0,0,0,0,0,0,0,0,0,0,0,0,0,0,0,0,0,0,0,0,0,2,0,0,0,0,0,0,0,0,0,2,0,0,0,0,0,0,0,0,2,0,0,0,14,0,0,0,0,0,0,65,0,0,0,0,0,0,0,0,0,0,0,0,0,0,0,39,0,289,0,0,1,0,0,0,0,0,0,0,0,0,0,1,75,16,0,2,0,0,0
"84",0,0,0,18,0,0,4,0,0,5,0,0,0,0,0,0,0,0,0,1,0,0,0,0,0,2,0,0,0,0,0,0,0,0,0,0,4,0,0,0,0,0,0,1,1,0,0,0,0,1,0,5,0,0,2,0,1,0,0,0,0,0,0,0,4,25,1,0,0,0,0,0,10,0,0,2,0,0,0,0,0,0,0,1,0,1,0,0,0,0,1,0,0,0,0,0,0,0,0,0,0,0,0,0,1,0,0,0,0,0,0,0,0,0,0,0,46,0,0,0,0,0,0,0,0,0,0,0,0,0,0,0,12,0,2,0,0,0,0,0,0,0,1,0,0,3,0,0,0,2,0,0,0,0,3,0,0,0,0,3,0,0,0,0,0,0,0,0,0,0,0,0,0,1,0,0,0,0,0,0,0,0,0,0,0,0,1,1,0,0,7,0,0,0,0,0,0,45,0,0,0,0,0,0,0,0,0,0,0,0,0,0,0,87,0,480,0,0,0,0,0,0,0,0,0,1,2,0,3,0,26,5,0,0,0,0,0
"85",0,0,0,19,0,0,3,1,0,4,0,0,0,0,0,0,0,0,0,2,0,0,0,0,0,2,0,0,0,0,0,0,0,0,0,3,0,0,0,0,0,0,0,2,0,0,0,0,0,0,0,2,0,1,1,0,0,0,0,1,1,0,0,0,2,41,0,0,0,0,0,0,0,0,0,0,0,1,0,0,0,0,0,4,1,3,1,0,0,0,0,0,0,0,0,2,0,0,3,0,0,0,0,0,4,0,0,0,0,0,0,0,0,0,3,0,41,0,0,0,0,0,0,0,0,1,2,0,0,0,0,0,3,0,0,0,0,0,0,0,0,0,0,0,0,0,0,0,0,1,0,0,3,0,3,0,0,0,0,3,0,3,0,0,0,0,0,0,0,0,0,0,0,0,0,0,0,0,0,0,0,0,2,0,0,0,0,1,0,0,20,0,0,0,0,0,0,113,0,0,0,0,0,0,0,0,0,0,0,0,1,0,0,44,0,735,0,0,1,0,0,0,0,0,2,2,12,0,4,0,109,10,0,6,0,4,0
"86",0,0,0,17,0,0,2,2,0,6,0,0,0,0,0,0,0,0,0,2,0,0,0,0,0,1,0,0,0,0,0,0,0,0,1,0,2,0,0,0,0,0,0,0,4,0,0,2,0,0,0,5,0,2,6,0,0,0,0,1,0,0,0,0,2,15,0,0,0,0,0,0,4,1,0,2,0,0,0,0,0,0,0,8,0,4,0,0,0,0,0,0,1,0,0,0,0,0,0,0,0,0,0,1,1,0,0,0,0,0,0,0,0,1,0,0,40,0,0,0,0,0,0,1,0,0,0,0,0,0,0,0,4,0,0,0,0,0,0,0,0,0,0,0,0,0,0,0,0,5,0,0,6,0,0,0,0,0,0,0,0,1,1,2,0,0,0,1,0,0,0,0,0,0,0,0,0,0,0,0,0,0,2,0,0,0,0,0,0,0,12,0,0,0,0,0,0,41,0,0,0,0,0,0,1,0,0,0,0,0,0,0,0,43,0,429,0,2,0,0,0,3,0,0,0,0,0,0,7,0,227,30,0,3,0,5,0
"87",0,0,0,22,0,0,0,0,0,12,0,0,0,0,0,0,0,0,0,3,0,0,0,0,0,0,0,0,0,0,0,3,0,0,0,0,0,0,0,0,0,0,0,0,1,0,0,2,0,0,1,3,0,0,6,0,0,0,0,2,0,0,1,1,1,7,0,1,0,0,0,0,4,1,0,1,0,1,0,0,0,0,0,1,0,2,2,0,0,0,0,0,0,0,1,0,0,0,0,0,0,0,0,0,2,0,0,0,0,0,0,0,0,0,0,0,46,0,0,0,0,0,0,0,0,0,0,0,0,2,0,0,9,0,0,0,0,0,0,0,0,0,0,0,0,2,0,0,0,1,0,0,0,0,0,0,0,0,0,0,0,1,0,1,0,0,0,0,0,0,0,0,0,0,0,0,0,0,0,0,0,0,0,0,0,0,2,0,0,0,5,0,0,0,0,0,0,92,0,0,0,0,0,0,0,0,0,0,0,0,0,0,0,125,0,270,0,0,0,1,0,1,0,0,2,0,2,0,2,0,31,20,0,3,0,1,0
"88",0,0,0,16,0,0,0,0,0,0,0,0,0,1,0,0,0,0,0,0,0,1,0,0,0,0,0,0,0,0,0,0,0,0,0,5,3,0,0,0,0,0,0,1,3,0,0,2,0,0,5,15,0,1,6,0,0,0,0,0,0,0,0,0,3,19,0,0,0,0,0,0,5,1,0,0,4,2,0,0,0,0,0,4,0,1,1,0,0,0,0,0,0,0,1,0,0,0,0,0,0,0,0,0,1,0,0,0,0,0,0,0,0,0,1,0,70,0,0,0,0,0,0,0,0,1,0,0,0,4,0,0,7,0,0,0,0,0,0,0,0,0,0,0,0,2,0,0,0,0,0,0,0,0,5,0,0,0,0,15,0,2,1,0,0,0,0,0,0,0,0,0,0,0,0,0,0,1,0,0,0,0,0,0,0,1,1,0,0,0,17,0,0,0,0,0,0,62,0,0,0,0,0,0,1,0,0,0,0,0,0,0,0,64,0,252,1,0,2,2,0,5,0,0,0,0,0,0,4,1,63,17,1,3,0,1,0
"89",0,0,0,23,0,0,0,2,0,8,0,0,0,0,0,0,0,0,0,3,0,0,0,0,0,0,0,0,0,1,0,1,0,0,0,2,0,0,0,0,0,0,0,0,0,0,0,0,0,0,1,8,0,0,0,0,0,0,0,1,0,0,0,0,6,13,0,0,0,0,1,0,2,0,0,0,0,1,0,0,1,0,0,0,2,0,1,0,0,0,0,0,0,0,0,0,0,0,0,0,0,0,0,0,0,0,0,0,0,0,0,0,0,0,0,0,35,0,0,0,0,0,0,0,0,2,0,0,0,1,0,0,3,0,1,0,0,0,0,0,0,0,0,1,0,0,0,0,0,0,0,0,1,0,1,0,0,0,0,3,0,1,2,0,0,0,0,0,0,1,0,0,0,0,0,0,0,0,0,0,0,0,0,0,0,0,3,0,0,0,16,0,0,0,0,1,0,34,0,1,0,0,0,0,0,0,0,0,0,0,0,0,0,83,0,350,0,0,1,0,0,0,0,0,2,1,0,0,6,0,128,20,1,1,1,2,0
"90",0,0,0,13,0,0,0,0,0,12,0,0,0,0,0,0,0,0,0,3,0,6,0,0,0,1,1,0,0,0,0,0,0,0,2,0,1,0,0,0,0,0,0,1,1,0,0,1,3,0,2,6,0,0,5,0,0,2,0,6,0,0,0,1,3,6,0,0,0,0,0,0,1,0,0,1,1,1,0,0,3,0,0,4,0,1,6,0,0,0,1,0,0,0,0,0,0,0,0,0,0,0,1,0,2,0,0,0,0,0,0,0,0,0,3,0,15,0,0,5,0,0,0,0,0,0,0,0,0,1,0,0,2,0,0,0,0,0,0,0,0,0,0,0,0,0,0,0,0,4,0,0,9,0,1,0,0,0,0,0,0,1,1,0,0,0,0,0,0,0,0,0,0,0,0,0,0,0,1,0,0,0,4,0,0,0,3,1,0,0,22,0,0,0,0,0,0,96,0,0,0,0,0,0,0,0,0,0,0,0,0,1,0,98,0,456,0,0,0,0,0,4,0,0,0,0,10,0,4,2,135,21,0,5,0,2,0
"91",0,0,0,7,0,0,0,0,0,15,0,0,0,0,1,0,0,0,0,2,0,0,0,0,0,0,0,0,1,0,0,0,0,0,3,0,0,0,0,0,0,0,0,0,0,0,0,0,0,0,0,8,0,0,9,0,1,0,0,0,0,0,0,0,1,9,0,0,0,0,0,0,1,0,0,1,0,0,0,0,0,0,0,0,0,0,0,0,0,0,0,0,0,0,0,0,0,0,0,0,0,0,0,0,0,0,0,0,0,0,0,0,0,1,0,0,11,0,0,0,0,0,0,0,0,0,0,0,0,1,0,0,6,0,0,2,0,2,0,0,0,0,0,0,0,0,0,0,0,0,0,0,0,0,0,0,0,0,1,0,0,1,0,0,0,0,0,0,0,0,0,0,0,0,0,0,0,0,0,0,0,0,0,0,0,0,11,1,0,0,7,0,0,0,0,0,1,95,0,0,0,0,0,0,0,0,0,0,0,0,0,0,0,172,0,492,0,0,0,0,0,0,0,0,0,0,0,0,0,0,67,0,0,0,0,0,8
"92",0,0,0,5,0,0,0,4,0,17,0,0,0,0,0,0,0,0,0,5,1,1,0,0,0,0,0,0,0,0,0,0,0,0,0,0,3,0,0,0,0,0,0,0,1,0,0,0,0,0,0,4,0,1,3,0,0,0,0,1,1,0,0,0,9,6,0,0,0,0,0,0,2,0,0,0,0,2,0,0,0,0,0,2,2,2,0,0,0,0,0,0,0,0,0,0,0,0,0,1,0,0,0,0,0,0,0,0,0,0,0,0,0,0,2,0,6,0,0,0,0,0,0,0,0,0,0,0,0,1,0,0,5,0,0,0,0,0,0,0,0,0,0,0,0,0,0,0,0,9,0,0,5,0,0,0,0,0,0,0,0,0,2,2,0,0,0,0,0,0,0,0,0,0,0,0,0,0,0,0,0,0,5,0,0,0,5,0,1,0,15,0,0,0,0,0,0,96,0,0,0,0,0,0,0,0,0,0,0,0,0,0,0,101,1,424,0,0,0,0,0,0,1,0,0,0,5,0,8,1,56,6,0,1,0,2,0
"93",0,0,0,17,0,0,0,0,1,0,0,1,0,0,1,0,0,0,0,0,0,3,0,0,0,0,0,0,0,0,0,0,0,0,2,4,0,0,0,0,1,0,0,3,2,0,0,2,0,0,1,5,0,2,1,0,0,0,0,0,0,0,0,0,10,31,0,0,0,0,0,0,21,0,0,1,0,0,0,0,0,0,0,7,0,4,1,0,0,0,0,0,0,0,0,0,0,0,0,0,0,0,0,0,1,0,0,0,1,0,0,0,0,0,2,0,66,0,0,0,0,0,0,0,0,0,0,0,0,1,1,0,3,0,0,0,0,0,0,0,0,0,0,0,0,1,3,0,0,0,1,0,2,0,0,0,0,0,0,0,0,1,0,0,0,0,1,2,0,1,0,0,0,0,0,0,0,0,0,0,0,0,1,0,0,1,8,0,0,0,12,0,0,0,0,1,0,92,0,0,0,0,0,0,0,0,0,0,0,0,0,0,0,25,0,264,0,1,1,10,0,4,0,0,0,0,0,0,3,1,134,19,1,4,0,0,0
"94",0,0,0,11,0,0,2,2,0,3,0,1,0,0,0,0,0,0,0,1,0,0,0,0,0,0,0,0,0,0,1,2,0,0,0,1,1,0,0,0,0,0,0,1,0,1,0,0,0,0,1,3,0,2,3,0,0,0,0,4,0,0,0,2,0,10,0,0,0,0,0,0,6,4,1,2,1,0,0,0,2,0,0,1,1,0,1,0,0,0,4,0,0,0,0,0,0,0,0,0,0,1,0,2,2,0,0,0,0,0,0,0,0,1,1,1,14,0,0,0,0,0,0,2,0,0,0,0,0,1,0,0,2,1,0,0,0,0,0,0,0,0,0,0,0,0,0,0,0,1,0,0,6,0,1,0,0,0,0,5,0,0,1,0,0,0,0,0,0,0,0,0,0,0,0,0,0,0,0,0,1,0,1,0,0,0,7,0,0,0,11,0,0,0,0,0,0,77,0,0,0,0,0,0,0,0,0,0,0,0,0,0,0,68,0,420,0,0,0,1,0,2,1,0,0,0,3,0,2,1,77,12,0,4,1,2,0
"95",0,0,0,6,0,0,0,0,0,8,0,0,0,1,1,0,0,0,0,0,0,0,0,0,0,0,0,0,0,0,0,1,0,0,0,0,1,0,0,2,0,0,0,0,0,2,0,0,0,0,0,2,0,0,0,0,0,0,0,0,1,0,0,0,2,8,0,0,0,0,0,0,6,0,1,1,0,0,0,0,0,0,0,0,3,0,4,0,0,0,0,0,0,0,0,0,0,0,0,0,0,0,0,0,0,0,0,0,0,0,0,0,0,0,1,0,18,0,0,0,0,0,0,0,0,1,0,0,0,1,0,0,6,0,0,0,0,0,0,0,0,0,0,0,0,0,0,0,0,4,0,0,0,0,0,0,0,0,0,0,0,0,1,0,0,13,0,0,0,0,0,0,0,0,0,0,0,0,0,2,0,0,0,0,0,0,4,0,0,0,10,0,0,0,0,0,0,55,0,0,0,0,0,0,0,1,0,0,0,0,0,0,0,39,0,344,0,1,0,0,0,0,1,1,0,0,3,0,1,1,23,9,2,3,3,0,1
"96",0,0,0,1,0,0,0,0,0,11,0,0,0,1,0,0,0,0,0,0,0,0,0,0,0,0,0,0,3,0,0,0,0,0,0,1,0,0,0,2,0,0,0,0,2,1,0,0,0,1,0,1,0,0,0,0,0,0,0,0,1,0,0,0,3,1,0,0,0,0,1,0,2,0,2,0,0,0,0,0,0,0,0,0,0,1,0,0,0,0,0,0,0,0,0,0,0,0,0,3,1,0,0,0,2,0,0,0,0,0,0,0,0,0,0,0,6,0,0,0,0,0,0,0,0,3,0,0,1,0,0,0,13,0,0,0,1,0,0,0,0,0,0,2,0,0,0,0,0,0,0,0,0,0,0,0,0,0,0,0,0,0,0,0,0,2,1,0,0,1,0,0,0,0,0,1,0,0,0,1,0,0,1,0,0,0,0,0,0,0,5,0,0,0,0,0,0,152,0,0,0,2,0,0,0,5,0,0,0,0,0,0,0,105,0,300,0,3,1,0,0,0,0,0,0,0,5,0,0,2,6,5,0,6,0,0,0
"97",0,0,0,1,0,0,0,0,0,8,0,1,0,0,0,0,0,0,0,0,0,2,0,0,0,0,0,0,0,0,0,0,0,0,1,0,0,0,0,3,0,0,0,3,0,0,0,0,0,1,0,1,0,0,0,0,0,0,0,0,0,0,0,0,1,8,0,0,0,0,0,0,1,0,0,0,0,0,0,0,1,0,0,0,2,3,2,0,0,0,0,0,0,0,0,0,0,0,0,0,0,0,0,1,0,0,0,0,0,0,0,0,0,0,1,0,8,0,0,0,0,0,0,0,0,2,0,0,0,0,0,0,3,0,0,0,0,0,0,0,0,0,0,0,0,0,0,0,0,0,0,0,0,0,0,0,0,0,0,0,0,0,2,0,0,0,0,0,0,0,0,0,0,0,0,4,0,0,0,0,0,0,0,0,0,0,0,1,0,0,22,0,0,0,0,0,0,98,1,0,0,0,0,0,0,1,0,0,0,0,0,0,0,48,0,460,0,2,2,0,0,1,1,0,0,0,10,0,1,0,16,4,0,4,0,0,0
"98",0,0,0,9,0,0,2,0,0,1,0,0,0,0,0,0,0,0,0,1,0,0,0,0,0,0,0,0,0,0,0,1,0,0,0,0,0,0,0,0,0,0,0,5,2,0,0,0,0,0,1,4,0,0,0,0,0,0,0,0,0,0,0,0,0,6,0,0,0,0,0,0,6,1,0,2,0,0,0,0,0,0,0,2,0,2,3,0,0,0,2,0,0,0,0,0,0,0,0,0,0,0,0,0,0,0,0,0,0,0,0,0,0,0,0,0,10,0,0,0,0,0,0,1,0,0,0,0,0,2,0,0,3,0,0,1,0,0,0,0,0,0,0,1,0,1,0,0,0,0,0,0,0,0,0,1,0,0,0,2,0,3,0,0,0,0,1,0,0,0,0,0,0,0,0,1,0,0,0,0,0,0,0,0,0,0,0,0,0,0,26,0,0,0,0,0,0,124,0,0,0,0,0,0,0,0,0,0,0,0,0,0,0,41,0,344,0,0,0,0,0,4,0,0,0,0,2,0,2,0,49,9,2,4,0,0,0
"99",0,0,0,1,0,0,0,0,1,33,0,0,0,0,0,0,0,0,0,5,0,0,0,0,0,0,0,0,1,0,0,0,0,0,0,0,0,0,0,1,0,0,0,4,0,0,0,0,0,0,0,0,0,0,0,0,0,0,0,0,1,0,0,0,0,0,0,0,0,0,1,0,3,0,0,0,0,0,0,0,0,0,0,0,0,1,0,0,0,0,0,0,0,0,0,0,0,0,0,2,0,0,0,1,0,0,0,0,0,0,0,0,0,0,0,0,3,0,0,0,0,0,0,0,0,0,0,0,0,3,0,0,5,0,0,0,0,0,0,0,0,0,0,0,0,0,0,1,0,0,0,0,0,0,0,0,0,0,0,0,0,0,0,2,0,0,0,0,0,0,0,0,0,0,0,0,0,0,0,0,0,0,3,0,0,0,0,0,0,0,9,0,0,0,0,0,0,181,0,0,0,0,0,0,0,0,0,0,0,0,0,0,0,75,0,451,0,0,1,5,0,0,0,1,7,3,45,0,0,2,12,13,1,7,0,0,0
"100",0,0,0,0,0,0,0,0,1,15,0,0,0,1,0,0,0,0,0,0,0,0,0,1,0,0,0,0,5,0,0,0,0,0,0,0,0,0,0,0,0,0,0,0,0,0,0,0,0,0,0,0,0,0,0,0,0,0,0,0,1,0,0,0,0,0,0,0,0,0,0,0,2,0,1,1,0,0,0,0,0,0,0,0,0,2,0,0,0,0,0,0,0,0,0,0,0,0,1,1,0,0,0,0,4,0,0,0,0,0,0,0,0,0,0,0,3,0,0,0,0,0,0,0,0,0,0,0,0,0,0,0,13,0,0,0,0,0,0,0,1,0,0,1,0,0,0,1,0,0,1,0,0,0,0,0,0,0,0,0,0,0,2,0,0,1,0,0,0,0,0,0,0,0,1,0,0,0,0,2,0,0,1,0,0,0,0,0,0,0,4,0,0,0,0,0,0,146,0,0,0,3,0,0,0,0,0,0,0,0,0,0,0,220,0,289,0,3,0,0,0,0,0,0,1,0,21,0,0,3,9,8,1,3,0,0,0
"101",0,0,0,3,0,0,0,0,0,18,0,1,0,1,0,0,0,0,0,0,0,0,0,0,0,0,0,0,0,0,0,0,0,0,0,0,0,0,0,0,0,0,0,0,0,0,0,0,0,0,0,1,0,1,0,0,0,0,0,1,1,0,0,0,0,0,0,0,0,0,0,0,2,0,2,1,0,0,0,0,0,0,0,0,1,1,0,0,0,0,0,0,0,0,0,0,0,0,0,0,1,0,0,0,2,0,0,0,0,0,0,0,0,0,0,1,5,0,0,0,0,0,0,0,0,0,0,0,0,1,0,0,14,1,0,0,1,0,0,0,0,0,0,0,0,0,1,1,0,0,0,0,0,0,0,0,0,0,0,0,0,1,2,1,0,0,0,0,0,0,0,1,0,1,0,0,0,0,0,3,0,0,2,0,0,0,0,0,0,0,21,0,0,0,0,0,0,169,0,2,0,5,0,0,0,5,0,0,0,0,0,0,0,151,0,344,0,0,0,3,0,1,2,0,0,0,18,0,0,3,6,1,2,5,0,0,0
"102",0,0,0,3,0,0,0,0,0,12,0,0,0,0,0,0,0,0,0,0,0,0,0,0,0,0,0,0,0,0,0,1,0,0,0,0,0,0,0,0,0,0,0,0,0,0,0,0,0,0,0,0,0,0,0,0,0,0,0,0,1,0,0,0,1,3,0,0,0,0,0,0,3,2,1,0,0,0,0,0,0,0,0,0,0,0,0,0,0,0,0,0,0,0,0,0,0,0,0,0,0,0,0,1,0,0,0,0,0,0,2,0,0,0,0,0,9,0,0,0,0,0,0,0,0,0,0,0,0,1,0,0,10,0,0,0,1,0,0,0,0,0,0,2,0,0,0,0,0,0,0,0,0,0,0,0,0,7,0,0,0,0,3,1,0,0,0,0,0,0,0,0,0,0,0,0,0,0,0,5,0,0,1,0,0,0,2,0,0,0,15,0,0,0,0,0,0,125,0,0,0,0,0,0,0,0,2,0,0,0,0,0,0,74,0,524,0,2,0,0,0,0,0,0,0,1,13,0,2,0,17,6,1,3,0,2,0
"103",0,0,0,1,0,0,0,2,0,0,0,0,0,0,0,0,0,0,0,1,0,0,0,0,0,1,1,0,0,0,0,0,0,0,2,14,0,0,0,3,0,0,0,6,0,0,0,0,0,0,2,6,0,2,0,0,0,0,0,3,0,0,0,0,3,6,0,0,0,0,2,0,2,2,0,0,0,0,0,0,0,0,0,5,0,1,3,0,0,0,2,0,0,0,0,0,0,0,0,0,0,0,0,0,1,0,0,0,0,0,0,0,0,0,0,0,10,0,0,0,0,0,0,0,0,0,0,0,0,0,0,0,13,2,0,0,1,0,0,0,0,0,0,0,0,0,0,2,0,0,0,5,1,0,0,0,0,0,0,1,0,0,2,0,1,0,0,0,0,0,0,0,0,0,2,1,0,0,0,0,0,0,0,0,0,0,0,0,0,0,9,0,0,0,0,1,0,193,0,0,1,0,0,0,0,0,0,0,0,0,0,0,0,152,1,396,0,1,0,1,0,0,1,0,0,2,0,0,0,2,117,10,6,12,0,2,0
"104",0,0,0,1,0,0,0,0,0,18,0,0,0,0,0,0,0,0,0,2,0,0,0,0,0,1,0,0,0,0,0,0,0,0,1,0,0,0,0,0,0,0,0,1,1,0,0,0,0,0,0,2,0,0,0,0,0,0,0,3,0,0,0,0,1,0,0,0,0,0,0,0,3,1,0,1,0,0,0,0,0,1,0,3,2,1,1,0,0,0,0,0,0,0,0,2,0,0,0,0,0,0,0,0,3,0,0,0,0,0,0,0,0,0,1,0,16,0,0,0,0,0,0,0,0,1,0,0,0,2,0,0,11,0,0,0,0,0,0,0,0,0,0,0,0,0,1,1,0,0,0,0,2,0,0,0,0,0,0,3,0,1,3,0,0,0,0,0,0,0,0,0,0,0,0,0,0,0,0,0,0,0,0,0,0,0,0,0,0,0,15,0,0,0,0,0,0,144,0,0,0,0,0,0,0,0,0,0,0,0,0,0,0,87,0,214,0,1,0,1,0,1,0,1,0,3,1,0,2,2,72,1,2,5,0,5,0
"105",0,0,0,2,0,0,0,0,0,8,0,0,0,0,2,0,0,0,0,0,0,0,0,0,0,0,2,0,0,0,0,2,0,0,3,0,0,0,0,5,0,0,0,0,0,0,0,0,0,2,0,0,0,2,1,0,1,0,0,0,0,0,0,0,1,2,0,0,0,0,0,0,5,1,0,2,0,0,0,0,0,0,0,0,0,0,0,0,0,1,0,0,0,0,0,0,0,0,0,0,0,0,0,2,0,0,0,0,0,0,0,0,0,0,0,0,37,1,0,0,0,0,0,0,0,0,0,0,0,1,0,0,18,0,0,2,0,4,0,2,0,0,0,0,0,0,0,0,0,0,0,0,0,3,0,0,0,0,0,0,0,1,0,0,1,0,0,0,0,0,0,0,0,0,1,0,0,0,0,0,0,0,0,0,0,1,0,0,0,0,5,0,0,0,0,0,0,224,0,0,0,0,1,0,0,0,0,0,0,0,0,0,0,151,0,173,0,0,0,0,0,0,0,0,0,4,0,0,0,0,34,0,0,0,0,1,3
"106",0,0,0,4,0,0,0,1,0,12,0,0,0,0,1,0,0,0,0,2,0,0,0,0,0,0,0,0,0,0,0,1,0,0,0,3,0,0,0,4,0,0,0,1,0,2,0,0,0,0,0,2,0,0,0,0,0,0,0,0,0,0,0,2,0,10,0,0,0,0,0,1,2,4,0,3,0,0,0,0,0,1,0,1,0,2,2,0,0,0,0,0,0,0,0,0,0,0,0,0,0,0,0,1,0,0,0,0,0,0,0,0,0,0,1,1,4,0,0,0,0,0,0,0,0,0,0,0,0,0,0,0,14,0,0,1,1,0,0,0,0,0,0,1,0,0,1,1,0,0,0,0,0,0,0,1,0,0,0,0,0,0,3,0,0,0,1,0,0,0,0,0,0,2,0,0,0,0,0,0,0,0,1,0,0,0,0,0,0,0,6,0,0,1,0,0,0,172,0,0,0,0,0,0,1,2,0,0,0,0,0,0,0,94,1,125,1,0,1,6,0,6,2,0,3,1,3,0,0,6,98,14,0,10,0,2,0
"107",0,0,0,3,0,0,0,0,0,15,0,0,0,0,0,0,0,0,0,0,0,0,0,0,0,0,0,0,0,0,0,1,0,0,0,0,1,0,0,1,0,0,0,0,0,0,0,0,0,0,0,1,0,1,0,0,0,0,0,0,0,0,0,0,2,3,0,0,0,0,0,0,0,2,0,1,0,2,0,0,0,0,0,0,0,0,3,0,0,0,0,0,0,0,0,0,0,0,0,0,1,0,0,0,2,0,0,0,0,0,0,0,0,0,0,0,21,0,0,0,0,0,0,0,0,2,0,0,0,0,0,1,6,0,0,0,0,0,0,0,0,0,0,2,0,0,1,0,0,0,0,0,0,0,0,0,0,0,0,0,0,0,0,0,0,0,1,1,0,0,0,0,0,1,0,0,0,0,1,0,0,0,0,0,0,0,0,0,0,0,12,0,0,0,0,0,0,122,0,0,0,0,0,0,0,3,0,0,0,0,0,0,0,6,0,217,0,3,0,1,0,0,0,0,0,0,9,0,0,0,94,9,0,3,0,1,0
"108",0,0,0,2,0,0,0,1,0,3,0,0,0,0,0,0,0,0,0,0,0,0,0,0,0,0,0,0,0,0,0,1,0,0,0,0,0,0,0,0,0,0,0,3,0,0,0,0,0,1,0,0,0,0,0,0,0,0,0,2,3,0,0,0,1,0,0,0,0,0,0,0,2,0,1,1,2,1,0,0,0,0,0,1,1,2,0,1,0,0,0,0,0,0,0,0,0,0,0,0,1,0,0,0,1,0,0,0,0,0,0,0,0,0,1,0,1,0,0,0,0,0,0,0,0,1,0,0,0,0,0,0,5,0,0,0,0,0,0,0,0,0,0,3,0,1,0,0,0,0,0,0,0,0,0,0,0,0,0,1,0,1,3,0,1,0,0,0,0,0,0,0,0,2,0,0,0,0,1,0,0,0,0,0,0,0,0,0,0,0,44,0,0,0,0,0,0,153,0,0,0,0,0,0,0,0,0,0,0,0,0,0,0,6,0,359,0,0,0,116,0,6,0,1,20,5,8,0,2,0,48,7,1,0,0,0,0
"109",0,0,0,0,0,0,0,0,0,18,0,0,0,0,0,0,0,0,0,0,0,3,0,0,0,0,0,0,1,0,0,0,0,0,0,1,0,0,0,0,0,0,0,0,0,0,0,0,0,0,1,0,0,1,0,0,0,0,0,0,3,0,0,0,0,0,0,0,0,0,0,0,0,1,0,0,0,0,0,0,0,0,0,0,0,0,0,0,0,0,0,0,0,0,0,0,0,0,0,1,0,0,0,0,0,0,0,0,0,0,0,0,0,0,1,0,0,0,0,0,0,0,0,0,0,0,0,0,0,0,0,0,5,0,0,0,0,0,0,0,0,0,0,2,0,1,0,0,0,1,0,4,0,0,0,0,0,0,0,0,0,0,1,0,0,2,0,0,0,0,0,0,0,0,0,0,0,0,0,0,0,0,0,0,0,0,0,0,0,0,20,0,0,0,0,0,0,103,0,1,0,0,0,0,0,1,0,0,0,0,0,0,0,2,0,437,0,2,0,4,0,4,1,0,3,0,0,0,0,1,1,0,0,1,0,0,0
"110",0,0,0,0,0,0,0,0,0,19,0,0,0,0,0,0,0,0,0,0,0,0,0,0,0,0,0,0,0,0,0,1,0,0,0,2,0,0,0,0,0,0,0,0,0,1,0,0,0,0,0,0,0,0,0,0,0,0,0,0,1,0,0,0,0,1,0,0,0,0,0,0,1,0,0,1,0,0,0,0,0,0,0,0,1,0,1,0,0,0,0,0,0,0,0,0,0,0,0,0,0,0,0,0,0,0,0,0,0,0,0,0,0,0,0,0,5,0,0,0,0,0,0,0,0,0,0,0,0,0,0,0,2,0,0,0,0,0,0,0,0,0,0,7,0,0,0,1,0,0,1,0,0,0,0,0,0,0,0,0,0,1,2,0,0,0,0,0,0,0,0,0,0,0,0,0,0,0,0,0,0,0,0,0,0,0,0,0,0,0,44,0,0,0,0,0,0,109,0,0,0,0,0,0,0,0,0,0,0,0,0,0,0,9,0,509,0,6,1,5,0,1,0,0,0,0,5,0,0,1,7,0,0,0,0,0,0
"111",0,0,0,0,0,0,0,0,0,13,0,0,0,0,0,0,0,0,0,0,0,0,0,0,0,0,0,0,0,0,0,0,0,0,0,0,0,0,0,1,0,0,0,0,0,1,0,0,0,0,0,0,0,0,0,0,0,0,0,0,2,0,0,0,0,1,0,0,0,0,0,0,0,0,0,0,0,0,0,0,0,0,0,0,0,0,0,0,0,0,0,0,0,0,1,0,0,0,0,0,0,0,0,0,0,0,0,0,0,0,0,0,0,0,0,0,3,0,0,0,0,0,0,0,0,1,0,0,0,1,0,0,8,0,0,0,0,0,0,0,0,0,0,0,0,0,0,0,0,0,0,0,0,0,0,0,0,0,0,0,0,0,2,0,0,0,1,0,0,0,0,0,0,3,0,0,0,0,1,0,0,0,0,0,0,0,0,0,0,0,33,0,0,0,0,0,0,78,0,0,0,0,0,0,0,7,0,0,0,0,0,0,0,10,0,498,0,3,1,7,0,1,2,0,0,0,6,0,0,2,14,4,2,1,0,0,0
"112",0,0,0,0,0,0,0,0,0,0,0,0,0,0,0,0,0,0,0,0,0,0,0,0,0,0,0,0,0,0,0,1,0,0,0,1,0,0,0,0,0,0,0,0,0,0,0,0,0,0,0,0,0,0,0,0,0,0,0,0,2,0,0,0,0,1,0,0,0,0,0,0,4,0,0,2,0,0,0,0,0,0,0,0,0,0,0,0,0,0,0,0,0,0,0,0,0,0,0,0,0,0,0,0,0,0,0,0,0,0,0,0,0,0,1,0,7,0,0,0,0,0,0,0,0,0,0,0,0,1,0,1,17,0,0,0,0,0,0,0,0,0,0,1,0,0,0,0,0,0,1,0,0,0,0,1,0,0,0,0,0,0,1,0,0,3,0,0,0,0,0,0,0,0,0,0,0,0,0,0,0,0,1,0,0,0,2,0,0,0,7,0,0,0,1,0,0,55,0,0,0,0,0,0,0,10,0,0,0,0,0,0,0,11,0,399,0,2,0,13,0,0,1,0,2,1,2,0,0,0,13,0,0,0,0,0,0
"113",0,0,0,0,0,0,0,3,0,0,1,0,0,0,0,0,0,0,0,0,0,1,0,0,0,0,0,0,3,0,0,0,0,0,0,1,0,0,0,4,0,0,0,0,0,0,0,0,0,0,2,0,0,0,0,0,0,0,0,4,4,0,0,0,1,2,0,0,0,0,0,0,1,1,1,3,0,0,0,0,1,0,0,2,0,2,0,0,0,0,0,0,0,0,0,0,0,0,0,0,0,0,0,4,1,0,0,0,0,0,0,0,0,0,2,3,26,0,0,0,0,0,0,0,0,0,0,0,0,2,0,0,29,0,0,0,2,0,0,0,0,0,0,8,0,0,0,0,0,0,0,0,4,0,0,0,0,0,0,0,0,1,0,1,0,1,0,0,0,1,0,0,1,3,0,0,0,0,0,0,0,0,0,0,0,0,0,0,0,0,8,0,0,0,0,0,1,105,0,0,0,0,0,0,0,5,0,0,0,0,0,0,0,4,0,745,0,0,0,3,0,0,0,0,3,1,0,0,0,0,11,7,0,0,0,0,0
"114",0,0,0,0,0,0,0,0,0,2,0,0,0,0,0,0,0,0,0,0,0,0,0,0,0,0,0,0,0,0,0,0,0,0,0,0,1,0,0,10,0,0,0,0,1,0,0,1,0,0,0,0,0,0,0,0,0,0,0,0,2,0,0,0,3,2,0,0,0,0,0,0,1,1,0,0,0,0,0,0,0,0,0,0,0,0,0,0,0,0,0,0,0,0,0,0,1,0,0,0,0,0,0,0,0,0,0,0,0,0,0,0,0,0,2,2,10,0,0,0,0,0,0,0,0,0,0,0,0,2,0,0,23,0,0,0,2,0,0,0,0,0,0,4,0,0,0,0,0,0,0,0,0,0,0,0,0,0,0,0,0,0,0,0,0,3,0,0,1,0,0,0,0,0,0,0,0,0,0,0,0,0,5,0,0,0,0,0,0,0,2,0,0,0,0,0,0,77,0,1,0,0,0,0,0,3,3,0,0,0,0,0,0,4,0,583,0,0,0,1,0,1,0,0,0,1,4,0,0,0,10,1,0,0,0,0,1
"115",0,0,0,0,0,0,0,5,0,1,0,0,0,1,0,0,0,0,0,2,0,0,0,0,0,0,0,0,1,0,0,0,0,0,0,0,0,0,0,0,0,0,0,0,0,0,0,0,0,0,0,0,0,0,0,0,0,0,0,0,0,0,0,0,1,2,0,0,0,0,0,0,0,0,0,1,0,0,0,0,0,0,0,0,0,0,0,0,0,0,0,0,1,0,1,0,0,0,0,0,0,0,0,3,0,0,0,0,0,0,0,0,0,0,2,0,10,0,0,0,0,0,0,0,0,0,0,0,0,1,0,1,16,0,0,0,4,0,0,0,0,0,0,7,0,1,0,0,0,2,1,0,0,0,0,2,0,0,0,0,0,0,0,0,0,0,0,1,0,0,0,0,0,0,0,0,0,0,0,1,0,0,0,0,0,0,0,0,0,0,19,0,0,1,0,0,0,83,0,1,0,0,0,0,0,6,0,0,0,0,0,0,0,9,0,789,0,2,0,8,0,0,0,1,6,0,7,0,0,0,5,1,0,0,0,0,0
"116",0,0,0,0,0,0,0,0,0,1,0,0,0,0,0,0,0,0,0,0,0,0,0,0,0,0,0,0,0,0,1,1,0,0,0,0,0,0,0,1,0,0,0,0,0,0,0,0,0,0,0,0,0,0,0,0,0,0,0,0,1,0,0,0,3,2,0,0,0,0,0,0,2,1,0,3,0,2,0,0,0,0,0,0,0,0,0,0,0,0,0,0,0,0,0,0,0,0,0,0,0,0,0,3,1,0,1,0,0,0,0,0,0,0,0,0,2,0,0,0,0,0,0,0,0,2,0,0,0,1,0,0,19,0,0,0,3,0,0,0,0,0,0,5,0,0,0,0,0,0,1,0,0,0,1,0,0,0,0,0,0,3,3,3,0,1,1,0,0,0,0,0,0,0,0,0,0,0,0,0,0,0,3,0,0,0,0,0,0,0,8,0,0,0,0,0,0,83,0,1,1,2,0,0,0,5,0,0,0,0,0,0,0,3,0,505,0,0,0,5,0,4,0,0,0,1,3,0,0,0,7,5,0,0,0,0,0
"117",0,0,0,0,0,0,0,0,0,0,0,0,0,0,0,0,0,0,0,0,0,0,0,0,0,0,0,0,2,0,0,3,0,0,0,0,0,0,0,0,0,0,0,0,0,0,0,3,0,0,0,0,0,3,0,0,0,0,0,1,7,0,0,0,2,0,0,0,0,0,0,0,1,1,0,0,0,0,0,0,0,0,0,0,0,0,0,0,0,0,0,0,0,0,0,0,0,0,0,0,0,0,0,0,0,0,0,0,0,0,0,0,0,0,0,0,5,0,0,0,0,0,0,0,0,0,0,0,0,0,0,0,18,0,0,0,0,0,0,0,0,0,0,1,0,0,0,0,0,0,0,0,0,0,1,0,1,0,0,0,0,0,3,1,0,0,0,0,0,0,0,0,0,0,0,0,0,0,0,0,0,0,2,0,0,0,0,0,0,0,10,0,0,0,0,0,0,125,0,1,0,0,0,0,0,7,0,0,0,0,0,0,0,10,0,462,0,0,0,3,0,2,0,0,3,3,6,0,0,0,12,5,0,1,0,0,0
