"","Lycopodium counted","Charcoal counted","Lycopodium added ","volume (cc) ","Alchornea","Anacardiaceae undiff.","Anthocleista","Antidesma-type","Bridelia ferruginea-type","Celtis","Cussonia","Dombeya-type","Erythrococca-type","Eugenia-type","Ficus","Gnidia-type","Holoptelea grandis","Hymenocardia","Hymenodictyon-type","Hypericum","Ilex mitis","Isoberlinia-type","Ixora-type","Lophira","Macaranga-type","Mallotus-type oppositifolius","Margaritaria discoidea","Maytenus","Mitragyna-type inermis","Morelia senegalensis","Morus","Myrianthus-type","Myrica","Nuxia-type","Olea capensis-type","Podocarpus","Polyscias","Protea-type","Prunus","Pycnanthus","Rapanea","Rhus-type","Salix","Symphonia globulifera","Syzygium-type","Trichilia-type","Uapaca","Zanha","Zanha-1","Acacia","Allophylus","Clematis-type","Maesa","Periploca","Psydrax-type schimperiana","Rhamnaceae undiff.","Rutaceae undiff.","Sapindaceae undiff.","Sapotaceae undiff.","Schefflera","Zanthoxylum-type","Elaeis guineensis","Acalypha","Acanthaceae undiff.","Aizoaceae undiff.","Amaranthaceae/Chenopodiaceae undiff.","Apiaceae undiff.","Asteraceae undiff.","Chassalia","Cichorieae undiff.","Combretaceae/Melastomataceae undiff.","Croton-type","Euphorbiaceae undiff.","Euphorbia-type","Fabaceae undiff.","Hypoestes-type","Justicia-type","Monocotyledoneae undiff.","Rubiaceae undiff.","Solanum-type","Undetermined","Achyranthes-type aspera","Aerva-type lanata","Alchemilla","Alternanthera","Ascolepis","Centaurea-type","Commelina-type benghalensis","Corchorus-type","Cynoglossum-type","Echinops","Fumaria abyssinica-type","Lepidagathis","Mitracarpus villosus","Plantago","Poaceae undiff.","Ricinus communis","Cyperaceae undiff.","Laurembergia tetrandra","Nymphaea","Polygonum senegalense","Potamogeton","Typha","Cyathea-type","Monolètes à épines et non lisses autres","Monoletes undiff.","Polypodium-type polypodioides","Pteris-type","Triletes undiff.","Triletes undiff.-1","Pediastrum","Zygnema","Tetraedron","Anthocerotaceae","Spagnum"
"1","220.0","1085.0","37166.0","0.74","31.0","0","0","0","0","3.0","0","0","2.0","0","1.0","0","1.0","1.0","0","0","0","0","0","0","3.0","9.0","3.0","5.0","0","0","0","1.0","1.0","0","8.0","145.0","0","0","0","0","0","0","0","1.0","1.0","0","0","0","0","0","0","0","0","0","0","0","0","1.0","0","0","1.0","0","0","0","0","0","1.0","3.0","0","0","5.0","0","0","0","2.0","1.0","0","2.0","0","0","7.0","0","0","0","2.0","0","0","0","0","0","1.0","0","0","1.0","0","127.0","1.0","775.0","0","4.0","11.0","0","0","1.0","0","334.0","0","5.0","0","0","0","1.0","0","2.0","0"
"2","201.0","710.0","37166.0","0.73","18.0","0","0","0","0","1.0","0","0","0","0","0","0","0","0","0","0","0","0","0","0","1.0","9.0","1.0","15.0","0","1.0","0","0","0","0","2.0","132.0","0","0","0","0","0","0","0","0","2.0","0","1.0","1.0","0","0","0","0","0","0","0","0","0","0","0","0","1.0","0","0","1.0","0","1.0","0","3.0","0","0","0","0","0","0","3.0","0","0","0","0","0","0","0","0","0","0","1.0","0","0","0","0","0","0","0","0","0","155.0","0","845.0","6.0","2.0","13.0","0","0","0","0","156.0","0","0","15.0","0","0","0","0","0","0"
"3","216.0","958.0","37166.0","0.7","29.0","0","7.0","0","0","3.0","0","1.0","0","0","0","0","0","0","0","0","0","0","0","0","3.0","4.0","1.0","10.0","0","4.0","0","0","0","0","3.0","104.0","0","0","0","0","0","0","0","0","0","1.0","0","1.0","0","0","0","1.0","0","0","0","0","0","0","0","0","0","0","0","0","0","1.0","0","6.0","0","0","0","0","0","0","0","0","0","0","0","0","13.0","0","0","0","0","0","0","0","0","2.0","0","0","0","1.0","0","117.0","0","834.0","9.0","1.0","6.0","0","0","0","0","234.0","1.0","7.0","1.0","0","0","0","0","2.0","0"
"4","261.0","1409.0","37166.0","0.71","19.0","0","0","0","0","3.0","0","1.0","0","0","1.0","0","0","0","0","0","0","0","0","0","6.0","6.0","3.0","12.0","0","4.0","0","0","0","0","0","121.0","0","0","0","0","0","0","0","0","0","0","0","4.0","0","0","0","0","0","0","0","0","0","0","0","0","0","3.0","1.0","0","0","0","0","6.0","0","0","0","0","0","0","1.0","0","0","0","0","0","4.0","0","0","0","3.0","0","0","0","0","0","0","0","0","0","0","127.0","0","838.0","8.0","0","4.0","0","0","0","0","297.0","0","1.0","0","0","0","0","0","0","0"
"5","253.0","506.0","37166.0","0.68","7.0","0","2.0","0","0","0","0","1.0","0","0","0","0","0","0","0","0","0","0","0","0","2.0","4.0","0","19.0","0","0","0","0","0","0","0","99.0","0","0","0","0","0","0","0","0","0","0","0","1.0","0","0","0","0","0","0","0","0","0","0","0","0","0","0","0","0","0","0","0","4.0","0","0","1.0","0","0","0","1.0","0","0","0","0","0","2.0","0","0","0","3.0","0","0","0","0","0","0","0","0","0","0","73.0","0","486.0","1.0","2.0","3.0","0","1.0","3.0","0","337.0","0","9.0","2.0","0","0","0","0","1.0","0"
"6","154.0","1242.0","37166.0","0.67","32.0","0","0","0","0","4.0","0","2.0","0","0","0","0","0","0","0","0","0","0","0","0","6.0","16.0","5.0","24.0","0","5.0","1.0","0","0","0","0","122.0","0","0","1.0","0","0","0","0","0","0","0","0","2.0","0","0","1.0","0","0","0","0","0","0","0","0","0","0","0","0","0","0","1.0","0","11.0","0","0","0","0","0","0","4.0","0","1.0","0","0","0","12.0","0","0","0","2.0","0","0","0","0","0","0","0","0","1.0","0","183.0","0","756.0","9.0","3.0","5.0","0","0","0","0","326.0","0","2.0","8.0","0","0","0","0","0","0"
"7","120.0","424.0","37166.0","0.64","15.0","0","0","0","0","0","0","0","0","0","0","0","0","0","0","0","0","0","0","0","2.0","7.0","0","12.0","0","0","0","0","0","0","8.0","25.0","0","0","0","0","0","0","0","0","0","0","0","0","0","0","0","0","0","0","0","0","0","0","0","0","0","0","0","0","0","0","0","2.0","0","0","0","0","1.0","0","2.0","0","0","0","0","0","4.0","0","0","0","1.0","0","0","0","0","0","0","0","0","0","0","77.0","0","553.0","4.0","2.0","4.0","0","0","0","0","20.0","0","4.0","0","0","0","0","0","2.0","0"
"8","299.0","2970.0","37166.0","0.63","39.0","0","0","0","0","5.0","0","0","0","0","1.0","0","1.0","0","0","0","0","0","1.0","0","5.0","7.0","1.0","26.0","2.0","7.0","0","0","0","0","0","35.0","0","0","0","2.0","0","0","0","0","0","0","0","5.0","1.0","0","0","0","0","1.0","0","0","0","0","0","0","2.0","0","0","0","0","0","0","6.0","0","0","0","0","0","0","1.0","0","0","0","1.0","0","5.0","0","0","2.0","4.0","0","0","0","0","0","0","0","0","0","0","231.0","0","1131.0","0","1.0","8.0","0","0","0","0","34.0","0","15.0","2.0","0","0","0","0","3.0","0"
"9","337.0","4078.0","37166.0","0.66","33.0","0","3.0","1.0","0","5.0","1.0","1.0","0","0","1.0","0","0","0","0","0","1.0","0","0","0","3.0","16.0","1.0","19.0","0","9.0","2.0","1.0","1.0","0","2.0","34.0","0","0","0","0","1.0","0","0","1.0","0","0","0","0","0","0","0","2.0","0","0","0","0","0","0","0","0","1.0","0","0","0","3.0","2.0","0","6.0","0","0","1.0","0","0","1.0","4.0","0","0","0","0","0","15.0","0","0","0","5.0","0","0","0","1.0","1.0","0","0","0","0","1.0","225.0","0","1348.0","0","0","5.0","0","0","1.0","0","29.0","0","9.0","8.0","0","0","0","0","5.0","0"
"10","259.0","2789.0","37166.0","0.69","21.0","1.0","1.0","0","0","7.0","0","0","0","0","0","0","0","0","0","0","1.0","0","0","0","7.0","15.0","2.0","21.0","0","17.0","0","0","0","0","0","23.0","0","0","0","0","0","0","0","0","1.0","0","1.0","1.0","0","0","0","0","0","0","0","0","0","0","0","0","2.0","0","0","0","0","1.0","0","5.0","0","1.0","0","0","0","0","2.0","2.0","1.0","0","0","0","8.0","0","0","0","0","0","0","0","0","0","0","0","0","0","0","238.0","0","1226.0","1.0","0","2.0","0","0","0","0","25.0","0","5.0","5.0","0","0","0","0","0","0"
"11","183.0","3629.0","37166.0","0.63","3.0","0","2.0","1.0","1.0","3.0","0","0","0","0","1.0","0","0","0","0","0","0","0","0","0","8.0","6.0","0","17.0","0","16.0","0","0","1.0","0","0","6.0","0","0","0","0","0","0","0","0","0","0","2.0","0","1.0","0","0","2.0","1.0","0","0","0","0","0","0","0","0","0","0","0","0","1.0","0","2.0","0","0","3.0","1.0","0","0","3.0","0","0","0","0","0","10.0","0","0","0","0","0","0","0","0","0","0","0","0","0","0","266.0","0","939.0","0","0","6.0","0","0","0","0","17.0","0","7.0","1.0","0","0","1.0","0","1.0","0"
"12","191.0","2941.0","37166.0","0.69","8.0","0","0","0","0","10.0","0","2.0","0","0","7.0","0","0","0","0","0","0","0","0","0","9.0","4.0","0","21.0","1.0","7.0","0","0","0","0","0","6.0","0","0","1.0","0","0","0","0","0","0","0","2.0","1.0","0","0","0","0","0","0","0","0","0","0","0","0","0","0","2.0","0","0","1.0","0","6.0","0","4.0","5.0","0","0","0","4.0","0","0","0","0","1.0","12.0","0","0","2.0","1.0","0","0","0","0","0","0","0","0","0","0","366.0","0","1301.0","0","1.0","4.0","0","0","0","1.0","28.0","0","0","0","8.0","0","0","0","3.0","0"
"13","217.0","4789.0","37166.0","0.64","6.0","0","0","0","1.0","6.0","0","1.0","0","0","2.0","0","0","0","0","0","0","0","0","0","2.0","4.0","0","30.0","0","6.0","2.0","0","0","0","0","2.0","0","1.0","0","1.0","0","0","0","0","1.0","0","1.0","1.0","0","0","0","1.0","0","0","0","0","0","0","0","0","0","0","1.0","0","0","1.0","0","8.0","0","0","0","0","0","1.0","0","1.0","1.0","0","0","0","5.0","0","0","1.0","0","0","0","0","0","0","0","0","0","0","1.0","231.0","0","713.0","0","0","7.0","0","0","0","0","16.0","0","3.0","2.0","0","0","1.0","0","0","0"
"14","249.0","6158.6","37166.0","0.67","12.0","1.0","0","0","0","6.0","0","1.0","0","0","2.0","0","0","0","0","1.0","0","0","0","0","6.0","0","0","28.0","1.0","6.0","0","0","0","0","1.0","6.0","0","1.0","2.0","0","0","0","0","0","0","0","2.0","1.0","0","0","0","0","0","0","0","0","0","0","0","0","1.0","0","0","0","0","0","0","6.0","1.0","0","2.0","0","0","0","0","0","0","0","0","0","6.0","0","0","1.0","1.0","0","1.0","0","0","0","0","0","0","0","0","313.0","0","940.0","0","3.0","3.0","0","0","0","0","23.0","0","2.0","1.0","0","1.0","0","0","1.0","0"
"15","149.0","3342.0","37166.0","0.68","5.0","0","1.0","0","1.0","0","0","1.0","1.0","0","0","1.0","0","0","0","0","0","0","0","0","7.0","4.0","0","23.0","0","2.0","0","1.0","0","0","4.0","3.0","0","0","0","0","0","0","0","0","0","0","0","0","0","0","0","1.0","0","0","0","0","0","0","0","0","2.0","0","1.0","0","0","1.0","1.0","2.0","0","0","1.0","0","0","0","1.0","0","0","0","0","0","2.0","0","0","0","0","0","0","0","0","0","0","0","0","0","0","138.0","0","688.0","0","1.0","6.0","0","1.0","0","0","11.0","0","0","1.0","0","0","1.0","0","0","0"
"16","241.0","5125.0","37166.0","0.69","2.0","0","1.0","3.0","0","5.0","0","0","0","0","2.0","0","1.0","0","0","0","0","0","0","0","2.0","5.0","0","17.0","0","3.0","0","0","0","0","0","2.0","1.0","1.0","4.0","0","0","0","0","0","1.0","0","1.0","0","0","0","0","0","0","0","0","0","1.0","0","1.0","0","0","0","1.0","0","0","0","0","6.0","0","0","6.0","0","0","0","4.0","0","0","0","0","0","4.0","0","0","0","0","1.0","0","0","0","0","0","0","0","1.0","1.0","302.0","0","923.0","1.0","0","3.0","0","1.0","0","0","17.0","0","5.0","0","0","0","0","0","2.0","0"
"17","223.0","4133.0","37166.0","0.74","7.0","0","0","1.0","2.0","6.0","0","0","0","0","4.0","0","0","1.0","0","0","0","0","0","0","7.0","0","0","31.0","0","3.0","0","1.0","3.0","0","9.0","4.0","0","0","0","0","0","0","0","0","3.0","0","0","1.0","2.0","0","0","0","0","0","1.0","0","0","0","0","0","0","0","0","0","1.0","0","0","7.0","0","0","0","0","0","0","1.0","0","0","0","0","0","3.0","0","0","0","0","0","0","0","0","0","0","0","0","0","1.0","285.0","0","599.0","0","1.0","9.0","0","0","0","0","15.0","0","1.0","0","0","2.0","0","0","0","0"
"18","207.0","5416.0","37166.0","0.69","5.0","0","2.0","0","1.0","1.0","0","1.0","0","0","2.0","0","0","0","0","0","0","0","0","0","1.0","1.0","0","21.0","0","3.0","0","0","0","0","0","8.0","0","0","0","0","0","1.0","0","0","1.0","1.0","1.0","0","0","1.0","0","0","0","0","0","0","0","0","0","0","0","0","0","0","0","3.0","0","6.0","1.0","0","0","0","0","0","1.0","0","1.0","0","3.0","0","2.0","0","0","0","0","0","0","1.0","0","0","0","0","0","0","0","227.0","0","479.0","0","1.0","8.0","0","0","0","0","60.0","0","3.0","3.0","0","1.0","0","0","1.0","0"
"19","153.0","5034.0","37166.0","0.72","6.0","0","0","1.0","1.0","1.0","1.0","3.0","0","0","2.0","0","1.0","0","0","0","0","0","0","1.0","3.0","1.0","0","34.0","0","0","2.0","0","1.0","0","0","1.0","0","1.0","0","0","0","0","0","0","0","0","1.0","1.0","0","0","0","1.0","0","0","0","0","0","0","0","1.0","0","0","0","0","0","3.0","0","3.0","0","1.0","3.0","0","0","0","2.0","1.0","1.0","0","0","0","3.0","0","0","0","0","0","0","0","0","0","0","0","0","1.0","1.0","278.0","0","532.0","0","1.0","2.0","0","0","0","0","16.0","0","1.0","3.0","0","0","0","0","5.0","0"
"20","380.0","9732.0","37166.0","0.72/0.73","7.0","1.0","0","0","2.0","4.0","0","2.0","0","0","0","0","0","0","0","0","1.0","0","0","0","0","3.0","0","18.0","0","1.0","0","0","0","0","0","11.0","0","0","0","0","1.0","0","0","0","1.0","0","1.0","0","0","0","0","0","0","0","1.0","0","0","0","0","0","1.0","0","0","0","0","3.0","0","13.0","0","0","4.0","0","0","0","1.0","0","0","0","2.0","0","7.0","0","0","0","0","1.0","0","0","0","0","0","0","0","0","1.0","355.0","0","696.0","0","1.0","12.0","0","0","0","2.0","85.0","0","1.0","0","0","0","0","0","1.0","0"
"21","126.0","4818.0","37166.0","0.77","3.0","0","2.0","1.0","1.0","5.0","0","0","0","0","2.0","0","0","0","0","0","0","0","0","0","3.0","1.0","0","22.0","0","2.0","3.0","0","1.0","1.0","1.0","4.0","1.0","0","1.0","0","0","1.0","0","0","3.0","0","0","1.0","0","0","2.0","0","0","0","0","0","0","0","0","0","2.0","0","0","0","0","1.0","0","6.0","0","0","1.0","0","0","0","1.0","2.0","1.0","0","0","0","1.0","0","1.0","0","0","3.0","1.0","0","0","0","0","0","0","0","0","359.0","0","611.0","0","0","9.0","0","0","0","0","15.0","0","1.0","4.0","0","2.0","1.0","0","1.0","0"
"22","247.0","4973.0","37166.0","0.81","2.0","0","0","0","1.0","3.0","0","3.0","0","0","1.0","0","0","0","0","1.0","0","0","0","0","0","4.0","2.0","31.0","0","3.0","0","0","0","0","1.0","3.0","1.0","0","0","1.0","0","1.0","0","0","4.0","0","0","0","0","0","3.0","0","0","0","0","0","1.0","0","0","0","0","0","0","0","0","2.0","0","7.0","0","0","2.0","0","0","0","0","2.0","0","0","0","0","4.0","0","0","1.0","0","0","2.0","0","0","0","0","0","0","0","0","300.0","0","616.0","1.0","1.0","11.0","0","0","0","0","19.0","0","0","0","4.0","0","2.0","0","0","0"
"23","165.0","3613.0","37166.0","0.74","2.0","0","0","0","0","4.0","0","0","0","0","1.0","0","0","1.0","0","0","0","0","0","0","0","1.0","0","16.0","0","5.0","0","3.0","0","0","2.0","2.0","0","0","0","0","0","0","1.0","0","4.0","0","0","2.0","0","0","2.0","1.0","0","0","0","1.0","0","0","0","0","0","0","0","0","0","2.0","0","4.0","0","1.0","0","0","0","0","0","0","0","0","0","0","5.0","0","0","0","1.0","0","0","0","0","0","0","0","0","0","0","264.0","0","528.0","0","0","8.0","0","0","0","0","13.0","0","1.0","2.0","0","0","0","0","0","0"
"24","233.0","7137.0","37166.0","0.75","1.0","2.0","0","0","0","0","0","4.0","0","0","0","0","0","0","0","0","0","0","0","0","1.0","0","0","16.0","0","2.0","1.0","0","0","0","0","1.0","0","2.0","1.0","0","0","0","0","0","0","0","3.0","1.0","0","0","0","0","0","0","0","0","0","0","0","0","1.0","0","0","0","0","2.0","0","7.0","0","0","1.0","0","0","0","0","1.0","0","0","0","0","1.0","0","0","0","0","1.0","1.0","0","0","0","0","0","0","0","0","282.0","0","573.0","2.0","1.0","7.0","0","1.0","0","0","0","0","0","1.0","0","4.0","0","0","1.0","0"
"25","129.0","2976.0","37166.0","0.74","2.0","0","2.0","0","1.0","0","0","1.0","1.0","0","0","0","0","0","0","1.0","0","0","0","0","2.0","0","1.0","13.0","0","1.0","0","0","1.0","1.0","2.0","0","0","0","0","0","0","0","0","0","2.0","0","1.0","0","0","1.0","0","0","0","0","0","0","0","0","0","0","0","0","0","0","1.0","2.0","0","5.0","0","0","0","0","0","0","0","1.0","0","0","0","0","1.0","0","0","0","0","0","0","0","0","0","0","0","1.0","0","0","181.0","0","369.0","1.0","0","6.0","1.0","1.0","0","0","11.0","0","1.0","2.0","0","1.0","0","0","0","0"
"26","234.0","6871.0","37166.0","0.73","4.0","2.0","0","0","0","3.0","0","2.0","0","0","2.0","0","0","0","0","0","0","0","0","0","1.0","3.0","0","15.0","2.0","4.0","0","0","0","0","0","1.0","1.0","1.0","2.0","0","0","0","0","0","3.0","0","1.0","0","0","0","0","0","0","0","0","0","0","0","0","0","0","0","0","0","0","1.0","0","6.0","1.0","0","5.0","0","0","0","0","1.0","1.0","0","0","0","0","1.0","0","1.0","0","0","0","1.0","0","0","0","0","0","0","0","275.0","0","490.0","0","0","8.0","0","2.0","0","0","8.0","0","2.0","2.0","0","3.0","0","0","1.0","0"
"27","194.0","2961.0","37166.0","0.75","36.0","0","0","0","1.0","4.0","0","0","0","0","0","0","0","0","0","0","0","0","0","0","6.0","11.0","3.0","33.0","1.0","3.0","0","0","0","0","2.0","50.0","0","0","0","0","0","0","0","1.0","2.0","0","1.0","2.0","0","0","1.0","0","0","0","0","0","0","0","0","0","0","0","0","0","0","0","1.0","5.0","1.0","1.0","1.0","0","0","0","3.0","0","0","0","0","0","10.0","0","0","0","2.0","2.0","0","0","0","0","0","0","0","1.0","0","279.0","0","707.0","10.0","7.0","6.0","0","0","0","0","216.0","0","0","4.0","0","0","0","0","0","0"
"28","207.0","4492.0","37166.0","0.74","4.0","1.0","1.0","0","0","2.0","0","2.0","1.0","0","0","0","0","0","0","0","0","0","0","0","1.0","0","0","7.0","0","5.0","4.0","0","0","0","0","5.0","0","0","0","0","0","0","0","0","2.0","0","1.0","0","1.0","0","0","0","0","0","0","0","0","0","0","0","1.0","0","0","0","0","3.0","0","6.0","0","1.0","0","0","0","0","3.0","0","0","0","0","0","7.0","0","0","0","0","0","0","0","0","1.0","0","0","0","0","0","306.0","0","645.0","3.0","2.0","7.0","0","1.0","0","0","16.0","0","2.0","4.0","0","3.0","1.0","0","0","0"
"29","239.0","6548.0","37166.0","0.8","6.0","0","1.0","1.0","1.0","5.0","0","1.0","0","0","0","0","0","0","0","0","0","0","0","0","3.0","4.0","1.0","23.0","0","2.0","0","0","0","0","0","11.0","0","0","4.0","0","0","0","0","0","1.0","0","2.0","0","0","0","0","0","0","0","0","0","0","0","1.0","0","1.0","0","1.0","0","0","1.0","0","8.0","0","1.0","2.0","0","0","0","1.0","2.0","0","0","0","0","1.0","0","0","0","0","0","1.0","0","0","0","0","0","0","0","0","412.0","0","760.0","1.0","0","7.0","0","0","0","0","44.0","0","0","1.0","0","0","1.0","0","1.0","0"
"30","127.0","2857.0","37166.0","0.74","1.0","0","2.0","1.0","0","1.0","0","0","0","1.0","1.0","0","0","0","1.0","0","0","0","0","0","0","1.0","0","8.0","0","0","0","0","0","0","0","2.0","0","0","1.0","0","0","0","0","0","1.0","0","1.0","0","0","0","0","0","0","0","0","1.0","0","0","0","0","1.0","0","0","0","0","1.0","0","4.0","0","0","0","0","0","1.0","0","0","0","0","0","0","2.0","0","0","0","0","1.0","0","0","0","0","0","0","0","1.0","0","246.0","0","342.0","0","2.0","11.0","0","0","0","0","4.0","0","4.0","4.0","0","0","0","0","0","0"
"31","325.0","6723.0","37166.0","0.78","1.0","0","0","1.0","1.0","1.0","0","0","0","0","0","0","0","0","0","0","0","1.0","0","0","1.0","2.0","0","8.0","0","0","2.0","0","0","0","0","7.0","0","1.0","1.0","0","0","0","0","0","1.0","0","0","1.0","0","0","1.0","0","0","0","0","0","0","0","0","0","1.0","0","0","0","0","3.0","0","9.0","0","1.0","1.0","0","0","0","0","0","0","0","0","0","1.0","1.0","0","0","0","0","0","0","0","0","0","0","0","0","0","528.0","0","879.0","0","1.0","9.0","0","0","0","0","13.0","0","2.0","1.0","0","8.0","1.0","0","1.0","0"
"32","191.0","3470.0","37166.0","0.73","0","0","0","1.0","0","0","0","0","0","0","0","0","0","0","0","0","0","0","0","0","0","0","0","1.0","0","0","0","0","0","0","0","1.0","0","0","0","0","0","1.0","0","0","0","0","0","1.0","0","0","0","0","0","0","0","0","0","0","0","0","0","0","0","0","0","1.0","0","3.0","0","0","0","0","0","0","0","0","0","0","0","0","0","0","0","0","0","1.0","0","0","0","0","0","0","0","0","0","219.0","0","299.0","0","1.0","5.0","0","0","0","0","4.0","0","1.0","0","0","2.0","0","0","1.0","0"
"33","381.0","4902.0","37166.0","0.66","0","0","0","0","0","0","0","1.0","0","0","0","0","0","0","0","0","0","0","0","0","0","0","0","0","0","0","0","0","0","0","0","5.0","0","0","0","0","0","0","0","0","0","0","0","0","0","0","1.0","0","0","0","0","0","0","0","1.0","0","0","0","0","0","0","5.0","0","17.0","0","1.0","1.0","0","0","0","0","0","0","0","0","0","2.0","0","1.0","10.0","1.0","0","0","1.0","0","0","0","1.0","0","0","0","478.0","0","561.0","1.0","0","15.0","0","0","0","0","3.0","0","0","0","0","8.0","0","0","0","0"
"34","363.0","2251.0","37166.0","0.63","1.0","0","0","1.0","0","0","0","0","1.0","0","0","0","0","0","0","0","0","0","0","0","3.0","1.0","0","0","0","0","0","0","0","0","0","5.0","0","0","0","0","0","0","0","0","0","0","1.0","0","0","0","0","0","0","0","0","0","0","0","0","0","0","0","0","0","0","2.0","1.0","16.0","0","1.0","0","0","0","0","0","0","0","0","0","1.0","2.0","0","0","3.0","0","0","0","0","0","0","1.0","0","0","0","0","183.0","0","429.0","2.0","0","9.0","0","0","0","0","1.0","0","0","2.0","0","1.0","0","0","2.0","0"
"35","378.0","2898.0","37166.0","0.61","0","0","0","0","0","1.0","0","0","0","0","0","0","0","0","0","0","0","0","0","0","0","0","0","0","0","0","0","0","0","0","0","6.0","0","0","0","0","0","0","0","0","0","0","0","1.0","0","0","0","0","0","0","0","0","0","0","0","0","0","0","0","0","0","7.0","0","26.0","0","2.0","0","0","0","0","0","0","0","0","0","0","0","0","0","0","4.0","2.0","1.0","0","0","0","0","0","0","0","0","592.0","0","786.0","2.0","0","8.0","0","0","0","0","5.0","0","0","0","0","10.0","0","0","0","0"
"36","231.0","3188.0","37166.0","0.62","1.0","0","0","0","0","0","0","0","0","0","0","0","0","0","0","0","0","0","0","0","0","0","0","0","0","0","0","0","0","0","0","2.0","0","0","0","0","0","0","0","0","1.0","0","0","0","0","0","0","0","0","0","0","0","0","0","0","0","0","0","0","2.0","0","2.0","1.0","17.0","0","0","0","0","0","0","0","0","0","0","0","0","0","0","0","5.0","0","0","0","0","0","0","0","0","0","0","0","350.0","0","489.0","2.0","0","5.0","0","1.0","0","0","1.0","0","0","1.0","0","15++","0","0","2.0","0"
"37","638.0","2191.0","37166.0","0.69","0","1.0","0","0","1.0","0","0","0","0","0","0","0","0","0","0","0","0","0","0","0","1.0","0","0","0","0","0","0","0","3.0","0","0","9.0","0","1.0","0","0","0","0","0","0","0","0","0","0","0","0","0","0","0","0","0","0","0","0","0","0","0","0","0","1.0","0","3.0","1.0","26.0","0","2.0","2.0","0","0","0","0","0","0","0","0","0","5.0","0","2.0","8.0","0","2.0","0","1.0","0","0","0","0","0","0","0","666.0","0","1016.0","3.0","0","26.0","1.0","0","0","0","5.0","0","0","0","0","24.0","0","0","3.0","0"
"38","452.0","6358.0","37166.0","0.72","0","0","0","0","0","0","0","0","0","0","0","0","0","0","0","0","0","0","0","0","0","0","0","1.0","0","0","0","0","1.0","0","0","4.0","0","1.0","0","0","1.0","0","0","0","0","0","0","0","0","0","0","0","0","0","0","0","0","0","0","0","0","0","0","0","0","2.0","0","9.0","0","0","1.0","0","0","0","0","0","0","0","1.0","0","0","0","1.0","0","1.0","1.0","0","0","0","0","0","0","0","0","0","556.0","0","1156.0","1.0","0","10.0","0","0","0","0","8.0","0","0","1.0","0","0","0","0","1.0","0"
"39","0.0","0.0","0.0","0.0","2.0","73.0","0.0","0.0","1.0","0.0","0.0","1.0","4.0","0.0","0.0","0.0","1.0","0.0","0.0","0.0","2.0","0.0","1.0","16.0","0.0","0.0","0.0","0.0","1.0","0.0","0.0","0.0","0.0","0.0","0.0","2.0","0.0","0.0","0.0","0.0","1.0","0.0","0.0","1.0","0.0","0.0","0.0","0.0","0.0","1.0","0.0","0.0","1.0","0.0","6.0","4.0","0.0","0.0","1.0","0.0","0.0","0.0","0.0","0.0","0.0","14.0","0.0","18.0","0.0","0.0","0.0","4.0","0.0","0.0","0.0","1.0","0.0","0.0","0.0","0.0","83.0","0.0","1.0","0.0","0.0","5.0","0.0","0.0","2.0","0.0","14.0","2.0","0.0","0.0","2.0","1.0","0.0","0.0","1.0","10.0","0.0","0.0","0.0","0.0","1.0","0.0","0.0","12.0","4.0","0.0","2.0","0.0","3.0","0.0","0.0"
"40","0.0","0.0","1.0","3.0","0.0","92.0","0.0","0.0","0.0","0.0","0.0","0.0","3.0","0.0","0.0","0.0","0.0","0.0","0.0","0.0","4.0","0.0","0.0","4.0","0.0","0.0","0.0","0.0","0.0","0.0","0.0","1.0","0.0","0.0","0.0","3.0","0.0","1.0","0.0","0.0","1.0","0.0","0.0","3.0","0.0","0.0","1.0","0.0","0.0","0.0","0.0","0.0","1.0","0.0","7.0","8.0","0.0","0.0","0.0","0.0","0.0","0.0","0.0","0.0","0.0","7.0","1.0","7.0","0.0","2.0","0.0","0.0","0.0","0.0","1.0","0.0","0.0","0.0","0.0","0.0","111.0","0.0","0.0","0.0","0.0","0.0","0.0","0.0","0.0","0.0","14.0","1.0","0.0","2.0","1.0","1.0","0.0","0.0","7.0","5.0","0.0","0.0","0.0","0.0","0.0","0.0","1.0","23.0","5.0","0.0","1.0","0.0","1.0","0.0","0.0"
"41","0.0","0.0","0.0","3.0","0.0","102.0","1.0","0.0","0.0","0.0","0.0","0.0","2.0","0.0","0.0","1.0","1.0","0.0","1.0","0.0","7.0","0.0","0.0","3.0","0.0","1.0","0.0","0.0","0.0","0.0","1.0","2.0","0.0","0.0","0.0","3.0","0.0","0.0","0.0","0.0","0.0","1.0","0.0","3.0","0.0","0.0","0.0","0.0","0.0","1.0","0.0","0.0","3.0","0.0","5.0","2.0","0.0","0.0","0.0","0.0","0.0","0.0","0.0","0.0","0.0","16.0","0.0","10.0","0.0","0.0","0.0","0.0","0.0","0.0","1.0","2.0","0.0","0.0","0.0","1.0","137.0","0.0","0.0","0.0","1.0","2.0","0.0","0.0","0.0","0.0","14.0","1.0","0.0","0.0","1.0","1.0","0.0","0.0","4.0","0.0","1.0","0.0","0.0","0.0","1.0","0.0","0.0","2.0","0.0","0.0","4.0","0.0","0.0","0.0","0.0"
"42","0.0","0.0","0.0","1.0","1.0","117.0","1.0","0.0","0.0","0.0","0.0","1.0","2.0","0.0","0.0","0.0","0.0","0.0","0.0","0.0","16.0","0.0","0.0","7.0","0.0","0.0","0.0","0.0","0.0","0.0","5.0","4.0","0.0","0.0","0.0","5.0","1.0","0.0","0.0","0.0","0.0","0.0","0.0","3.0","0.0","2.0","0.0","0.0","0.0","0.0","0.0","1.0","1.0","0.0","6.0","2.0","0.0","0.0","0.0","0.0","0.0","0.0","0.0","0.0","0.0","26.0","0.0","42.0","0.0","2.0","0.0","0.0","0.0","0.0","0.0","3.0","0.0","0.0","0.0","0.0","149.0","0.0","0.0","0.0","0.0","2.0","0.0","0.0","0.0","0.0","25.0","5.0","0.0","3.0","1.0","1.0","0.0","1.0","12.0","4.0","0.0","0.0","0.0","0.0","0.0","0.0","0.0","3.0","3.0","0.0","1.0","0.0","0.0","6.0","0.0"
"43","0.0","0.0","0.0","1.0","0.0","142.0","3.0","0.0","0.0","0.0","0.0","0.0","2.0","0.0","0.0","0.0","2.0","2.0","2.0","0.0","6.0","0.0","1.0","3.0","0.0","0.0","0.0","0.0","1.0","0.0","0.0","0.0","0.0","0.0","0.0","4.0","0.0","0.0","0.0","0.0","0.0","1.0","0.0","0.0","0.0","0.0","0.0","0.0","0.0","0.0","0.0","0.0","3.0","0.0","12.0","12.0","0.0","0.0","0.0","0.0","0.0","0.0","0.0","0.0","0.0","29.0","1.0","25.0","0.0","0.0","0.0","0.0","0.0","3.0","0.0","2.0","0.0","0.0","0.0","0.0","120.0","0.0","0.0","0.0","5.0","0.0","0.0","0.0","0.0","0.0","45.0","3.0","0.0","5.0","1.0","0.0","0.0","0.0","6.0","11.0","0.0","0.0","0.0","0.0","0.0","0.0","0.0","10.0","2.0","0.0","2.0","0.0","3.0","1.0","0.0"
"44","0.0","0.0","0.0","2.0","1.0","133.0","0.0","0.0","1.0","0.0","0.0","0.0","1.0","0.0","0.0","0.0","0.0","0.0","0.0","0.0","1.0","0.0","0.0","4.0","0.0","0.0","0.0","0.0","0.0","0.0","3.0","0.0","0.0","0.0","0.0","5.0","0.0","1.0","0.0","0.0","0.0","0.0","0.0","9.0","0.0","0.0","0.0","0.0","0.0","0.0","0.0","0.0","0.0","0.0","2.0","2.0","0.0","0.0","0.0","0.0","0.0","0.0","0.0","2.0","1.0","16.0","0.0","16.0","0.0","0.0","0.0","0.0","0.0","0.0","0.0","2.0","0.0","0.0","0.0","1.0","178.0","0.0","0.0","0.0","1.0","0.0","0.0","0.0","0.0","0.0","30.0","6.0","0.0","0.0","0.0","0.0","0.0","0.0","8.0","2.0","0.0","0.0","0.0","0.0","0.0","0.0","0.0","5.0","2.0","0.0","2.0","0.0","1.0","0.0","0.0"
"45","0.0","0.0","0.0","0.0","0.0","193.0","1.0","0.0","0.0","1.0","0.0","0.0","1.0","0.0","0.0","0.0","0.0","0.0","1.0","0.0","3.0","0.0","1.0","19.0","0.0","0.0","0.0","0.0","0.0","0.0","5.0","0.0","0.0","0.0","0.0","4.0","0.0","0.0","0.0","0.0","0.0","0.0","0.0","3.0","1.0","1.0","0.0","0.0","0.0","1.0","0.0","0.0","0.0","0.0","10.0","6.0","0.0","0.0","0.0","0.0","0.0","1.0","0.0","0.0","2.0","33.0","0.0","6.0","0.0","2.0","0.0","0.0","0.0","0.0","0.0","0.0","0.0","4.0","0.0","0.0","99.0","0.0","0.0","0.0","5.0","5.0","0.0","0.0","0.0","0.0","27.0","7.0","0.0","4.0","0.0","0.0","0.0","2.0","1.0","18.0","0.0","1.0","0.0","0.0","3.0","0.0","0.0","15.0","6.0","0.0","1.0","0.0","10.0","1.0","0.0"
